Gene_ID,Gene_name,Gene_Full_name,Subject 1- Haired,Subject 2- Haired,Subject 3- Haired,Subject 4- Haired,Subject 5- Haired,Subject 1- Bald,Subject 2- Bald,Subject 3- Bald,Subject 4- Bald,Subject 5- Bald,Haired_avg,Bald_avg,Fold change,pvalue
209116_x_at,HBB,hemoglobin subunit beta(HBB),8.5933675913,5.9831401861,5.3119644193,5.1240338994,5.42192266,10.9930650442,9.8459820515,10.4518025986,10.3962961955,11.0604010812,6.0868857512,10.5495093942,-4.462623643,0.0001761653
214414_x_at,hba1,hemoglobin subunit alpha 1(HBA1),9.119563036,7.076897668,6.6037637097,5.1016325549,6.6507466115,11.8889116296,10.6068277799,11.2557994147,10.8042404295,11.4570453057,6.910520716,11.2025649119,-4.2920441959,0.0002423341
217414_x_at,hba1,hemoglobin subunit alpha 1(HBA1),8.963748158,6.7404844058,5.6757366259,5.2854688033,5.9557179233,11.7806079638,10.1431446585,10.9601585052,10.547290086,10.4769808632,6.5242311832,10.7816364153,-4.2574052321,0.0003332809
211745_x_at,hba1,hemoglobin subunit alpha 1(HBA1),9.2477589361,7.2666797398,6.2646743512,5.6928176706,6.267647685,11.9867422733,10.5860123931,11.1934199574,10.9335934394,10.9016101477,6.9479156765,11.1202756422,-4.1723599656,0.0002558093
209458_x_at,hba1,hemoglobin subunit alpha 1(HBA1),8.9475239431,7.203472713,6.1113361205,5.1801360429,6.2012362812,11.6342397569,10.5368156324,11.029837693,10.6824561052,10.4501515786,6.7287410201,10.8667001532,-4.1379591331,0.0002826248
204018_x_at,hba1,hemoglobin subunit alpha 1(HBA1),9.5232138835,7.6585662564,6.6335662024,5.8773467671,6.6059445132,12.2235417117,10.9087804149,11.4842054639,11.1867449247,10.9764459823,7.2597275245,11.3559436995,-4.096216175,0.0003044059
211699_x_at,hba1,hemoglobin subunit alpha 1(HBA1),8.2492235533,6.0630308829,4.8310349336,4.895397392,5.2618762535,10.9363685126,9.3280445361,10.1687163634,9.7348344113,9.3859325497,5.8601126031,9.9107792746,-4.0506666716,0.000419881
211696_x_at,HBB,hemoglobin subunit beta(HBB),9.0405328899,6.2833758445,5.731540612,5.4392027667,6.7095254957,11.1477255498,9.8840775424,10.5045689518,10.1145645803,11.0931107692,6.6408355218,10.5488094787,-3.9079739569,0.0004620339
217232_x_at,HBB,hemoglobin subunit beta(HBB),8.598126811,6.1183082239,6.0479996267,5.3846877543,6.6784021092,10.5990637076,9.5071569787,9.9907308396,9.6522689449,10.6660688937,6.565504905,10.0830578729,-3.5175529679,0.0003667372
214677_x_at,Iglc1,immunoglobulin lambda constant 1(IGLC1),6.4852828725,6.4370435944,8.379004431,5.2682200171,7.9785600335,11.1384411501,10.5976411338,11.0951581143,6.4707454128,9.5282020811,6.9096221897,9.7660375784,-2.8564153887,0.0252531881
209138_x_at,Iglc1,immunoglobulin lambda constant 1(IGLC1),4.7347563276,5.0873593029,7.0179541902,3.7090947336,6.4464931301,9.4454702061,9.4119020092,9.7592188305,4.7062099303,7.8508924134,5.3991315369,8.2347386779,-2.835607141,0.0345999546
220356_at,CORIN,"corin, serine peptidase(CORIN)",4.1982862994,4.5729265234,4.7157594704,3.6401744702,5.2211063555,6.9876571675,5.9467968184,7.1892338223,7.2066468377,6.1441455107,4.4696506238,6.6948960313,-2.2252454076,0.0003649422
215379_x_at,IGLV1-44,immunoglobulin lambda variable 1-44(IGLV1-44),3.2961280095,3.0286358046,4.2151689045,3.0521602348,3.8344818709,6.5911429137,6.6064080259,7.1006861998,2.6448427251,5.4780903921,3.4853149649,5.6842340513,-2.1989190864,0.0304660643
212187_x_at,PTGDS,prostaglandin D2 synthase(PTGDS),8.0514462794,8.6197346904,9.1689915564,8.5774434815,8.6825764575,10.3671548025,10.0793101032,11.4685764444,11.6596146603,9.9296392299,8.620038493,10.700859048,-2.080820555,0.0008461794
215121_x_at,CYAT1,immunoglobulin lambda light chain-like(CYAT1),6.1158612145,5.8110350735,7.2486394786,5.2430442017,7.1226243728,9.548786274,9.0256963185,9.4216485117,5.3936727132,8.3572644486,6.3082408682,8.3494136532,-2.041172785,0.0447576219
207908_at,KRT2,keratin 2(KRT2),7.8096909043,12.1845539852,11.4421433141,10.4375954165,10.3195767283,12.5538088997,12.6801529071,12.6032380353,11.7095047526,12.6637663327,10.4387120697,12.4420941855,-2.0033821158,0.030479675
211748_x_at,PTGDS,prostaglandin D2 synthase(PTGDS),8.2940256293,8.642102719,9.1495973559,8.4555917312,8.7819280562,10.6465412501,9.8194505687,11.3611972381,11.2945547004,10.0189793298,8.6646490983,10.6281446174,-1.9634955191,0.0004958975
205337_at,DCT,dopachrome tautomerase(DCT),6.3191585294,8.2801487464,7.3401616626,8.3572658124,7.134519964,9.2572082018,9.4385991339,9.0887699565,9.8994410651,9.1235297373,7.486250943,9.3615096189,-1.875258676,0.0017705792
211663_x_at,PTGDS,prostaglandin D2 synthase(PTGDS),6.2982440677,6.9465223232,7.3377155515,6.5624643837,6.8732391676,8.4837418675,7.7311567611,9.4214517219,9.2784544298,7.7963120886,6.8036370988,8.5422233738,-1.738586275,0.0023610763
209189_at,FOS,"Fos proto-oncogene, AP-1 transcription factor subunit(FOS)",8.8888449036,6.8402976166,9.8937573869,9.0546073024,7.9010810836,10.5331476804,10.0891558208,10.3265482461,10.8130955077,9.1696196488,8.5157176586,10.1863133808,-1.6705957222,0.0229853383
202768_at,FOSB,"FosB proto-oncogene, AP-1 transcription factor subunit(FOSB)",5.9975785243,5.4449184698,6.1843874213,6.4247860735,4.2099151101,7.3468346805,7.5100187181,7.4664059845,8.1066229762,6.1579220796,5.6523171198,7.3175608878,-1.665243768,0.011160575
210072_at,CCL19,C-C motif chemokine ligand 19(CCL19),7.279466374,7.4051176308,7.5070131537,7.4221989348,7.7214094373,8.4774644366,8.3468897157,9.1796640598,9.8631623813,9.1976047185,7.4670411061,9.0129570624,-1.5459159563,0.0006250692
206227_at,CILP,cartilage intermediate layer protein(CILP),3.8275599258,4.2809845144,4.588917513,4.6898877495,4.9194667537,6.6663420415,6.1702291376,6.1090232503,6.258892364,4.8100211335,4.4613632913,6.0029015854,-1.5415382941,0.0029527838
205338_s_at,DCT,dopachrome tautomerase(DCT),6.4517805919,8.7224894544,6.988813558,8.3938732772,6.6851748239,8.855212034,9.6534247124,9.0164133028,9.9871948605,7.4301623108,7.4484263411,8.9884814441,-1.540055103,0.0427390274
210198_s_at,PLP1,proteolipid protein 1(PLP1),4.3436285449,5.4499736558,5.0226012888,4.4534539043,4.3027585928,5.6968823387,6.4420339797,6.2648402882,6.9523037429,5.3907002174,4.7144831973,6.1493521134,-1.4348689161,0.0037867803
211161_s_at,COL3A1,collagen type III alpha 1 chain(COL3A1),7.9533170456,9.8672597405,9.9278539904,9.3481995929,9.5305810107,10.2108741591,10.3311409937,11.1634859642,11.2076264203,10.841344664,9.325442276,10.7508944402,-1.4254521642,0.0088399781
203000_at,STMN2,stathmin 2(STMN2),5.1879333102,4.6887647611,5.6144142086,4.8978423105,4.9162788575,7.702213489,5.5047538514,6.5712528271,6.5902183016,5.8680287955,5.0610466896,6.4472934529,-1.3862467633,0.0094906963
212224_at,ALDH1A1,aldehyde dehydrogenase 1 family member A1(ALDH1A1),5.0215765553,6.7025532434,6.1411702526,6.8983823895,6.8841092071,7.1298929419,7.8883268769,7.4768466323,7.999341,8.070344404,6.3295583296,7.712950371,-1.3833920414,0.008267128
214536_at,SLURP1,secreted LY6/PLAUR domain containing 1(SLURP1),6.8076539927,7.3452483936,7.245499751,6.7944704018,5.9973473997,7.7039628023,8.3325168444,9.2851259071,8.0163907369,7.7366064988,6.8380439878,8.2149205579,-1.3768765701,0.0063466371
205083_at,AOX1,aldehyde oxidase 1(AOX1),3.4749740818,3.4717687143,3.9594725919,3.4379358602,3.9698143188,4.929560754,4.4313174076,4.75484561,5.5285102781,5.3447749984,3.6627931134,4.9978018096,-1.3350086962,0.0004464406
202311_s_at,COL1A1,collagen type I alpha 1 chain(COL1A1),6.2843995674,6.8455512701,6.8721817405,6.2993998154,6.947116042,7.7349224867,7.5991608087,9.0406311869,8.0566001639,7.4828928827,6.6497296871,7.9828415058,-1.3331118187,0.0029986395
203001_s_at,STMN2,stathmin 2(STMN2),5.7764101334,5.4379479743,6.0918098302,5.8798254305,5.2763162803,8.2048506577,6.1163909585,7.3897863655,7.3894891168,5.9944401996,5.6924619297,7.0189914596,-1.3265295299,0.017822414
204160_s_at,ENPP4,ectonucleotide pyrophosphatase/phosphodiesterase 4 (putative)(ENPP4),3.4006009095,4.4046868106,4.2677363832,3.6347886347,3.7917946962,5.5121884162,5.4932896258,4.4251059731,5.4694349008,5.1262809862,3.8999214868,5.2052599804,-1.3053384936,0.0016673689
215076_s_at,COL3A1,collagen type III alpha 1 chain(COL3A1),10.262287975,11.4402645621,11.434812097,10.9880114614,11.0351924525,11.7113580988,12.0266257969,12.5657046705,12.9048268929,12.193047196,11.0321137096,12.280312531,-1.2481988215,0.0031148326
201852_x_at,COL3A1,collagen type III alpha 1 chain(COL3A1),9.6472787979,11.109629381,10.6318711289,10.3323956665,10.3567140745,10.7746704535,11.6024559058,12.0227250786,12.4554170263,11.4381795127,10.4155778098,11.6586895954,-1.2431117856,0.0098606439
217767_at,C3,complement C3(C3),8.3885542125,7.2488223712,7.6215308905,7.6751873668,7.9296274546,8.8939341755,8.3426609633,8.9908731961,9.6054174753,9.1877913725,7.7727444591,9.0041354365,-1.2313909774,0.0022415027
202404_s_at,COL1A2,collagen type I alpha 2 chain(COL1A2),9.4163294148,10.4453952367,10.3571116515,9.7089310891,10.5022236759,10.8274691032,11.0590788831,11.9968864302,11.4447217234,11.2332669882,10.0859982136,11.3122846256,-1.226286412,0.0032715086
217521_at,hal,histidine ammonia-lyase(HAL),4.2859081832,4.8195042873,4.6980163978,5.6165619585,3.8696694937,5.4759104339,5.5000298389,6.5513956598,6.3725831957,5.4759104339,4.6579320641,5.8751659125,-1.2172338484,0.0123705108
201069_at,MMP2,matrix metallopeptidase 2(MMP2),7.4285759955,8.1168326791,7.9011801225,7.8896160284,7.4940944246,8.639426092,8.7293605932,9.3813729324,9.0988466597,9.0424487221,7.76605985,8.9782909999,-1.2122311499,0.0001943999
213975_s_at,LYZ,lysozyme(LYZ),8.6616950246,7.9839457813,7.619712685,8.5908250469,8.1236389884,9.7307054157,9.0239138863,9.258894507,9.7186791074,9.2279685725,8.1959635052,9.3920322978,-1.1960687925,0.0010881037
209869_at,ADRA2A,adrenoceptor alpha 2A(ADRA2A),5.0307615842,4.6505367653,5.2495522877,3.8503076751,4.3091017366,5.6087642169,5.1829441116,5.8623788332,6.3630670423,6.0329979496,4.6180520098,5.8100304307,-1.191978421,0.005823195
213068_at,DPT,dermatopontin(DPT),6.6203833926,8.0111370003,7.7720266991,8.1244976045,7.3643796515,8.7859586713,8.2399061282,8.8415985003,9.558863786,8.3566033847,7.5784848696,8.7565860941,-1.1781012245,0.0110300065
205051_s_at,KIT,KIT proto-oncogene receptor tyrosine kinase(KIT),4.8435240373,6.8727102124,6.7629845724,6.6085888305,6.1116339792,7.5856477684,7.2811841289,7.4025068853,8.052635701,6.7663547146,6.2398883264,7.4176658396,-1.1777775133,0.0248019126
205433_at,BCHE,butyrylcholinesterase(BCHE),2.946167388,4.7021790034,3.4749404765,2.7666941647,4.4513393164,4.6950423894,5.1898498552,4.8650662545,4.4997100601,4.9243403148,3.6682640698,4.8348017748,-1.166537705,0.021057844
215446_s_at,LOX,lysyl oxidase(LOX),5.8423895691,6.3608869305,6.739789519,6.1960829334,6.113218951,7.20932147,6.8356059239,8.0165551533,7.765781031,7.0885270727,6.2504735806,7.3831581302,-1.1326845496,0.0027077593
208747_s_at,C1S,complement C1s(C1S),8.8448696214,8.6838980035,8.7861905468,8.8609933605,8.6165303184,9.5500769501,9.3127161057,10.0271734079,10.5402525371,10.0062932546,8.7584963701,9.8873024511,-1.128806081,0.0008389337
203649_s_at,PLA2G2A,phospholipase A2 group IIA(PLA2G2A),6.493642531,7.4209109901,6.9467858256,5.3385967007,6.7009022774,7.3708221683,7.778072923,7.2913607127,8.1126031854,7.9244397889,6.580167665,7.6954597557,-1.1152920907,0.0191298543
202310_s_at,COL1A1,collagen type I alpha 1 chain(COL1A1),9.3177056456,10.6469045375,10.2771541685,10.030841325,9.5106584191,10.2259089681,11.1604460303,11.7570174109,11.5113306532,10.6924014788,9.9566528191,11.0694209083,-1.1127680891,0.0166507463
206211_at,SELE,selectin E(SELE),3.7846577715,3.3715912009,3.3988160514,3.3842125845,3.9512119663,3.4402818401,3.7310666697,5.3230342178,5.5873868052,5.3576929244,3.5780979149,4.6878924914,-1.1097945765,0.0460481513
209335_at,DCN,decorin(DCN),8.0906981673,9.1206209897,9.6883812824,9.0953781911,9.4750745444,10.4806805561,9.9575905013,10.3368905579,10.4440716112,9.6574546371,9.094030635,10.1753375727,-1.0813069377,0.0092458794
213568_at,osr2,odd-skipped related transciption factor 2(OSR2),5.9075778761,6.3104341036,6.6469464487,6.4278255436,6.6112634901,7.949153724,7.1063354412,7.2559398008,8.0557731938,6.9218077993,6.3808094924,7.4578019918,-1.0769924994,0.0036207932
205694_at,TYRP1,tyrosinase related protein 1(TYRP1),7.9837146279,9.3534545235,8.6646028703,8.5640624683,8.6354291897,9.7631180656,10.1987178385,9.6373010424,9.9251462738,9.0058075409,8.6402527359,9.7060181522,-1.0657654163,0.0067992226
203498_at,RCAN2,regulator of calcineurin 2(RCAN2),4.9603876189,7.0017645312,7.0506640677,5.8800228891,6.721320704,7.8650672817,7.0773597645,7.3764715077,7.4154254814,7.1490904422,6.3228319622,7.3766828955,-1.0538509333,0.0375364814
213537_at,HLA-DPA1,"major histocompatibility complex, class II, DP alpha 1(HLA-DPA1)",3.5787852601,3.8277748287,3.7521458085,3.9438115501,3.3339916831,4.7222673123,4.2723280494,4.6569802387,5.8271918748,4.1794525292,3.6873018261,4.7316440009,-1.0443421748,0.0101374779
213293_s_at,TRIM22,tripartite motif containing 22(TRIM22),5.4364610369,5.6709126048,6.0869523976,6.5811651733,6.4400183287,6.7704519407,6.4509550313,6.9559050081,8.0264682235,7.2327805607,6.0431019082,7.0873121529,-1.0442102446,0.0164044249
202450_s_at,CTSK,cathepsin K(CTSK),8.2022743559,8.5550093974,8.3530349351,8.146998302,8.1879674258,9.1929459485,9.024838531,9.5546680826,9.685506406,9.1977366578,8.2890568832,9.3311391252,-1.0420822419,9.24919490329805E-05
212588_at,PTPRC,"protein tyrosine phosphatase, receptor type C(PTPRC)",5.2208406126,4.7291394251,4.9934271896,5.9987356227,5.7560560126,6.0341213832,5.6280262793,6.3714591947,7.4202162598,6.4387951787,5.3396397725,6.3785236591,-1.0388838866,0.0256368492
209708_at,MOXD1,monooxygenase DBH like 1(MOXD1),4.729799416,5.330170534,5.467121408,5.4060971554,5.1390672624,5.7533803011,6.358442084,6.4813175112,6.2575379506,6.4059864051,5.2144511551,6.2513328504,-1.0368816953,0.0005228442
206023_at,NMU,neuromedin U(NMU),4.9079524611,7.1832200041,6.467904263,6.4630143947,6.197438856,6.9114997889,7.4421887856,7.888757554,7.0027550567,7.139343835,6.2439059958,7.276909004,-1.0330030083,0.0365633376
220428_at,CD207,CD207 molecule(CD207),4.9566861603,6.9726231595,6.0223922277,7.3361298255,6.2206985148,7.0001781844,7.3335859026,7.4437077559,7.8482171136,7.034276252,6.3017059776,7.3319930417,-1.0302870641,0.0477365497
210325_at,CD1A,CD1a molecule(CD1A),5.4285308906,6.1090892972,5.7849336128,7.0403554834,5.4724412081,6.7425659822,6.5817264859,7.3382445124,7.6094033451,6.7026536652,5.9670700984,6.9949187982,-1.0278486998,0.0206509429
213800_at,CFH,complement factor H(CFH),7.346207344,7.802654715,8.4996667347,7.9491206823,7.994584589,9.0727465403,8.3568674418,9.2553578492,9.2207652518,8.8057490949,7.918446813,8.9422972356,-1.0238504226,0.0033769107
206637_at,P2RY14,purinergic receptor P2Y14(P2RY14),4.3246313353,4.6252952745,4.5906029176,5.1172282104,4.8451434112,6.1146733152,5.1065564499,5.0678003313,6.8395051476,5.4787185025,4.7005802298,5.7214507493,-1.0208705195,0.0225218425
202531_at,IRF1,interferon regulatory factor 1(IRF1),4.6181586472,4.2400485894,4.4600289019,5.4585649544,4.3778252088,5.6442497033,4.9870504035,6.0663687663,6.4648320147,5.0621833775,4.6309252604,5.6449368531,-1.0140115927,0.0218831754
220970_s_at,KRTAP2-3,keratin associated protein 2-3(KRTAP2-3),10.6483257615,9.1551813947,10.6746253648,10.7638334719,11.1852913591,6.1207855049,3.5521221298,5.4837074502,4.2615571416,6.6076629091,10.4854514704,5.2051670271,5.2802844433,4.72310938957111E-05
207787_at,KRT33B,keratin 33B(KRT33B),10.9664352261,9.8315120413,11.0081981927,11.2225627853,11.0134841736,6.7105498246,4.3877045613,6.2570424975,5.0060156518,6.6702426054,10.8084384838,5.8063110281,5.0021274557,0.000013353
220972_s_at,KRTAP9-9,keratin associated protein 9-9(KRTAP9-9),11.2920768486,9.554436977,10.7934372476,11.3080353837,11.2540810031,7.6524547295,3.7783140407,6.3557660043,4.6566831308,6.9728219854,10.840413492,5.8832079781,4.9572055139,0.0002553304
206969_at,LOC100653049,"keratin, type I cuticular Ha4(LOC100653049)",11.5618170909,9.5075201453,10.9849378352,11.1835749681,11.2988185527,6.8553317162,4.547618619,6.2849284562,4.895661893,7.2658212047,10.9073337184,5.9698723778,4.9374613406,6.09883792388006E-05
208483_x_at,KRT33A,keratin 33A(KRT33A),12.5746588019,12.1278918202,12.7490766489,12.8317769142,12.6883488899,8.2183313208,6.9202564343,8.7079184304,7.1791577975,7.9793862085,12.594350615,7.8010100383,4.7933405767,0.000000839
220976_s_at,KRTAP1-1,keratin associated protein 1-1(KRTAP1-1),11.2240150637,9.7832716564,11.1759087763,11.2840816296,11.6686678547,7.3821874561,5.2088141491,6.4634107515,5.0871615411,7.3558541679,11.0271889961,6.2994856131,4.727703383,4.53846096929663E-05
220978_at,KRTAP1-3,keratin associated protein 1-3(KRTAP1-3),11.9374148713,9.9203541954,11.1120742254,11.6490412395,11.74763269,7.922358846,4.8832706075,7.0247600365,5.7009118461,7.2552793078,11.2733034443,6.5573161288,4.7159873156,9.97677189551871E-05
206677_at,KRT31,keratin 31(KRT31),12.3577501142,12.0644206145,13.0248266214,12.8367960349,12.7008376182,8.4927275052,7.3061284211,8.9395618784,7.7452965019,8.9888231845,12.5969262006,8.2945074982,4.3024187024,2.99880916770744E-06
221297_at,GPRC5D,G protein-coupled receptor class C group 5 member D(GPRC5D),8.9318632054,8.2141350076,9.2793452308,9.4522111711,9.0232513041,5.0983950067,3.8556931571,5.1003442278,4.253363509,5.1466000774,8.9801611838,4.6908791956,4.2892819882,1.51630254405972E-06
213711_at,KRT81,keratin 81(KRT81),10.2673739212,9.3576503948,10.2871312604,10.3598854791,10.6676202109,6.2006089093,5.8460899368,6.2500366718,5.2117216816,6.2246629428,10.1879322533,5.9466240285,4.2413082248,5.45540499170167E-07
215189_at,KRT86,keratin 86(KRT86),10.9929990017,9.7913672287,10.6366618655,10.7376659766,11.0027447774,7.3256559773,5.0533944593,6.8460803813,5.8068717186,7.168814701,10.63228777,6.4401634475,4.1921243225,2.6601527705811E-05
206423_at,ANGPTL7,angiopoietin like 7(ANGPTL7),8.0409724077,7.4663406406,7.158176638,8.1730007223,8.2437063016,3.9731185078,2.435369259,3.8885029502,2.9549239898,4.9479973402,7.816439342,3.6399824094,4.1764569327,2.59174188817832E-05
207457_s_at,LY6G6F,"lymphocyte antigen 6 complex, locus G6F(LY6G6F)",9.5298544373,9.0125802099,9.4482452644,9.5616383123,9.4728938784,5.0610586455,4.6322664121,5.7646138858,4.3460075177,6.4603053977,9.4050424205,5.2528503718,4.1521920487,6.15709904788262E-06
216810_at,KRTAP4-7,keratin associated protein 4-7(KRTAP4-7),11.0373401437,9.3431790517,10.583303293,10.8885277416,10.9922725466,8.0055873867,4.343497224,6.8288332535,5.6294145307,7.5010660026,10.5689245553,6.4616796795,4.1072448758,0.0005138152
216921_s_at,KRT35,keratin 35(KRT35),11.0810498987,10.9500473285,11.3872327412,11.1406879222,11.484105748,7.5958903006,6.0620072695,7.6056046326,6.0746942383,8.2989815662,11.2086247277,7.1274356014,4.0811891263,2.10798469182051E-05
207669_at,KRT83,keratin 83(KRT83),8.4542033713,8.4678478128,9.8113886628,9.9313899503,10.088330319,5.120497679,4.9153195882,6.2323608676,4.4996099353,5.6143801654,9.3506320232,5.2764336471,4.0741983761,2.5314594127375E-05
206027_at,S100A3,S100 calcium binding protein A3(S100A3),10.6725773827,10.1664704231,10.4650857665,10.4317487221,10.7548470093,6.1833300883,6.0821285986,6.9629755682,5.8696488666,7.2723956692,10.4981458607,6.4740957582,4.0240501025,7.19471655194164E-07
205713_s_at,COMP,cartilage oligomeric matrix protein(COMP),8.0458286143,8.6622240175,8.2177685725,9.2664595552,8.8605296699,4.2278556491,4.459136295,5.3005998818,4.0511253084,5.1701249611,8.6105620859,4.6417684191,3.9687936668,2.3271665737089E-06
207670_at,KRT85,keratin 85(KRT85),12.2733643577,11.6610676182,12.3916498609,11.8923801343,12.3861313983,8.6578625512,7.1287703569,8.7500761821,7.1522610085,9.2750828457,12.1209186739,8.1928105889,3.928108085,2.99271667995758E-05
207146_at,KRT32,keratin 32(KRT32),9.2871415365,8.6646015904,9.2889920018,8.9697606381,9.2910408164,6.0336246344,5.1798050928,5.9933168135,4.9086126263,6.652663164,9.1003073166,5.7536044662,3.3467028504,9.38467216276043E-06
220635_at,PSORS1C2,psoriasis susceptibility 1 candidate 2(PSORS1C2),9.8404317611,9.0309521438,9.6674006909,9.3410643166,9.5371230591,6.3395103062,6.4632125867,6.7466950246,5.4134642056,6.0582080296,9.4833943943,6.2042180305,3.2791763638,0.000001747
207909_x_at,DAZ1,deleted in azoospermia 1(DAZ1),6.1322168231,7.30520384,7.9405304917,7.6013084578,7.3062611459,5.0825358234,3.4081990834,4.9521266068,4.2365786418,3.6809116685,7.2571041517,4.2720703648,2.9850337869,0.0001666777
208282_x_at,DAZ1,deleted in azoospermia 1(DAZ1),5.8511132662,7.423190134,7.8014322403,7.4510761517,7.5186433213,4.893381822,3.5681468103,4.8909038466,4.3184196704,3.700405537,7.2090910227,4.2742515372,2.9348394855,0.0001744352
207912_s_at,DAZ1,deleted in azoospermia 1(DAZ1),7.8765329696,8.3829696268,8.808691372,8.6283255992,9.5569809355,6.9280527293,4.8353971115,6.2876045312,5.6374767044,5.3906018288,8.6507001006,5.815826581,2.8348735196,0.0002531876
213880_at,LGR5,leucine rich repeat containing G protein-coupled receptor 5(LGR5),6.9325456626,7.6134346302,7.6404944033,8.2232212498,8.0325137621,5.0710707974,4.0530089536,4.7258685726,4.6620355228,6.0641213911,7.6884419416,4.9152210475,2.7732208941,0.0001167272
219270_at,CHAC1,ChaC glutathione specific gamma-glutamylcyclotransferase 1(CHAC1),7.6019041712,5.438971617,7.2438817303,8.1178892865,7.4920444812,4.4118562105,4.578246174,4.2183738705,4.0857846052,4.8243283089,7.1789382572,4.4237178338,2.7552204234,0.000410503
206987_x_at,FGF18,fibroblast growth factor 18(FGF18),5.2493212427,5.5901618507,5.834162669,5.616627236,5.4372858744,3.0831842587,3.0532505585,3.0342851011,2.5921109403,3.1001008348,5.5455117746,2.9725863387,2.5729254359,6.53720299602331E-08
208281_x_at,DAZ1,deleted in azoospermia 1(DAZ1),7.0794086203,7.6241064524,7.9065322818,7.5455703533,7.1201801165,6.0061364186,4.2222731107,5.7530501024,4.5040378582,4.0442862192,7.4551595649,4.9059567418,2.5492028231,0.0003812756
211029_x_at,FGF18,fibroblast growth factor 18(FGF18),5.6510547632,6.0225903038,5.9299129448,5.9743189041,5.7711557557,3.5905471704,3.3250376444,3.3345200802,2.9166296958,3.4621207863,5.8698065343,3.3257710754,2.5440354589,5.64491633693237E-08
207065_at,KRT75,keratin 75(KRT75),9.8081513243,10.1662067772,10.1819342813,10.3988071691,9.9769529901,7.0711161815,7.5437204364,7.6461780693,7.9624032654,7.6012106838,10.1064105084,7.5649257273,2.5414847811,4.89380322327421E-07
202833_s_at,serpina1,serpin family A member 1(SERPINA1),6.3817692657,6.916423259,6.4086306902,7.7436785464,6.8063992065,4.4663728806,3.379290607,3.8624015483,4.9562902813,5.0117644195,6.8513801936,4.3352239473,2.5161562462,0.0002394788
216351_x_at,DAZ1,deleted in azoospermia 1(DAZ1),6.8542736086,7.6485555367,7.7221696678,7.2911618566,7.32658067,5.8969053716,4.4239496877,5.4531123364,4.4302597111,4.3910415163,7.3685482679,4.9190537246,2.4494945433,0.000117686
216922_x_at,DAZ1,deleted in azoospermia 1(DAZ1),7.0149143852,8.016423722,8.0667760297,7.5751409097,7.6439299096,6.262527495,4.918128301,5.851244647,4.7738758846,4.4541807636,7.6634369912,5.2519914182,2.411445573,0.0002733848
208092_s_at,FAM49A,family with sequence similarity 49 member A(FAM49A),4.1460167339,4.5849528827,5.1379107817,4.9366642724,5.5703715453,2.6230697891,2.0080961868,2.9080071941,2.6691603674,2.3811836819,4.8751832432,2.5179034439,2.3572797993,3.52705083041724E-05
213780_at,TCHH,trichohyalin(TCHH),12.5465747364,12.1055231711,12.5950779494,12.2950726689,12.5554296911,10.2672761776,9.8159813859,10.1990816513,9.393962059,10.6726434094,12.4195356434,10.0697889366,2.3497467067,8.94328910956579E-06
213909_at,LRRC15,leucine rich repeat containing 15(LRRC15),8.9413133724,8.6431263622,9.4768259802,9.0230875938,9.0827903923,6.459611223,6.5128392065,7.0836710002,6.7969490931,7.398079258,9.0334287402,6.8502299562,2.183198784,9.54893000733655E-06
211485_s_at,FGF18,fibroblast growth factor 18(FGF18),3.8646803162,5.7663319863,5.8428195987,6.1328118578,3.7019912234,2.9654300538,2.8762884547,2.9735250051,2.93344753,2.9580623884,5.0617269965,2.9413506864,2.1203763101,0.0037979518
204687_at,PARM1,prostate androgen-regulated mucin-like protein 1(PARM1),8.0270624644,8.1958634153,7.9892325229,8.107020029,7.5356579706,6.1315894843,5.646231391,6.3407664465,6.0478332491,5.3225057065,7.9709672804,5.8977852555,2.0731820249,1.13642432567186E-05
219932_at,SLC27A6,solute carrier family 27 member 6(SLC27A6),5.8005283743,5.9196380307,6.7604398628,6.6634347138,6.3312172142,4.1879771221,4.0764339912,4.7408029242,3.7161330313,4.7870263359,6.2950516392,4.3016746809,1.9933769582,0.0001014303
222351_at,PPP2R1B,protein phosphatase 2 scaffold subunit Abeta(PPP2R1B),6.635416746,6.3199833844,6.7445810579,6.381305525,7.0379764864,4.7413311779,4.4937955792,4.3762721828,4.4355127205,5.1985388639,6.62385264,4.6490901049,1.9747625351,8.98576204423415E-06
218935_at,EHD3,EH domain containing 3(EHD3),5.0950249441,6.1697179999,6.2394660196,6.6524657005,6.6572234698,3.7694923751,3.6978953361,4.3765367625,4.5093579913,4.695042835,6.1627796268,4.20966506,1.9531145668,0.0005146365
203304_at,BAMBI,BMP and activin membrane bound inhibitor(BAMBI),6.513135713,7.0120732766,7.9081186478,7.1479332639,7.2094872881,5.5238846446,4.7392495193,5.3312936501,5.4121433472,5.2698724789,7.1581496379,5.255288728,1.9028609099,8.66797812710492E-05
209800_at,KRT16,keratin 16(KRT16),11.1250940273,11.7369285119,11.5738435094,12.1586519713,11.4487860685,8.9887915502,9.1671747489,10.0428676894,10.3698644873,9.9702118953,11.6086608177,9.7077820742,1.9008787435,0.0003238509
209343_at,EFHD1,EF-hand domain family member D1(EFHD1),6.8885036321,6.6656156166,7.6621683207,7.0478228908,7.4305579273,5.1338142002,5.0188348806,5.4713514942,5.4710866373,5.1128007426,7.1389336775,5.241577591,1.8973560865,1.48577204809912E-05
220272_at,BNC2,basonuclin 2(BNC2),6.8235134767,6.948437554,7.1027678199,6.6280820409,6.9417301933,5.2344202702,4.8340415844,4.8221468346,5.1481535043,5.0988903681,6.8889062169,5.0275305123,1.8613757046,2.19512723915196E-07
212915_at,PDZRN3,PDZ domain containing ring finger 3(PDZRN3),9.3687514151,9.9890777676,10.5287538515,10.6088764055,10.422331619,8.3394558796,7.7347904224,8.7046803438,8.2281438323,8.8486360216,10.1835582118,8.3711412999,1.8124169118,0.0003231124
221558_s_at,LEF1,lymphoid enhancer binding factor 1(LEF1),6.782114439,6.3890040785,7.3458764132,7.0575028018,7.5639400648,5.2593326797,4.2551143262,5.2482314725,6.1352898305,5.2196845063,7.0276875595,5.223530563,1.8041569964,0.0010846549
203921_at,CHST2,carbohydrate sulfotransferase 2(CHST2),7.8985371789,7.8448138958,8.4842701144,8.4858565526,8.5090493184,6.4179481852,5.9589553263,6.4772202614,6.7515848155,6.6227286288,8.244505412,6.4456874435,1.7988179686,2.11978364071418E-05
205290_s_at,BMP2,bone morphogenetic protein 2(BMP2),5.3282217018,5.6214848241,6.129442529,6.2684746301,3.7362872959,3.0660373386,3.783402382,4.5575959754,4.3001482575,2.3836948104,5.4167821962,3.6181757528,1.7986064434,0.0177384694
202376_at,SERPINA3,serpin family A member 3(SERPINA3),10.1140685584,9.1625153499,9.3150949789,9.9237587437,9.6967402578,7.5009662108,7.9268854073,7.6934244394,7.598764476,8.5173107364,9.6424355777,7.847470254,1.7949653238,0.0001089654
210393_at,LGR5,leucine rich repeat containing G protein-coupled receptor 5(LGR5),5.5652506254,5.9519508473,5.394301481,6.2158086507,5.6981374494,4.4339931019,3.8199771242,3.7010333205,3.8426757837,4.3268444921,5.7650898108,4.0249047645,1.7401850463,3.07151999595785E-05
211429_s_at,serpina1,serpin family A member 1(SERPINA1),7.8578969184,7.9485592666,7.634282437,8.7927973532,8.1286595865,7.1755208087,5.4950066806,5.5597319365,6.4322859924,7.0304100212,8.0724391123,6.3385910879,1.7338480244,0.0026859322
37892_at,COL11A1,collagen type XI alpha 1 chain(COL11A1),5.5983613937,6.6543155213,7.5222129545,6.7384199541,7.0679049817,3.9269060383,4.2796191235,5.2249594987,5.5834948642,5.9351845723,6.7162429611,4.9900328194,1.7262101417,0.008501115
206140_at,LHX2,LIM homeobox 2(LHX2),8.9119400479,9.4873651523,9.4414395733,9.0053775297,9.18577573,7.9046157167,7.2276919867,7.7609743715,7.4460865543,7.2154014646,9.2063796066,7.5109540188,1.6954255878,1.34746912098883E-05
216604_s_at,SLC7A8,solute carrier family 7 member 8(SLC7A8),8.078671045,6.7025546286,7.2281225665,6.5999986577,8.2024063586,6.0767104368,5.902952921,5.8252759649,5.6368160006,4.9983173777,7.3623506513,5.6880145402,1.6743361111,0.002408591
201109_s_at,THBS1,thrombospondin 1(THBS1),6.7922242955,6.5276399549,6.4599744944,7.4719905409,6.1287153078,4.8869389593,4.6622666932,4.9594285873,5.3065805105,5.1938148265,6.6761089187,5.0018059154,1.6743030033,0.0001641211
204720_s_at,DNAJC6,DnaJ heat shock protein family (Hsp40) member C6(DNAJC6),4.2110725642,4.2449050166,5.8101104899,4.8574009151,5.5078933425,3.3086834154,3.192382461,3.144540457,3.1781093949,3.4469887741,4.9262764657,3.2541409005,1.6721355652,0.000945966
209757_s_at,MYCN,v-myc avian myelocytomatosis viral oncogene neuroblastoma derived homolog(MYCN),5.699526092,5.7988442454,6.4855482918,5.5509117433,5.722983717,3.4955574094,4.572398523,4.410106064,4.8187437247,3.8891967561,5.8515628179,4.2372004954,1.6143623225,0.0005349242
202886_s_at,PPP2R1B,protein phosphatase 2 scaffold subunit Abeta(PPP2R1B),5.8991205131,6.1861388085,6.8431732306,6.6608577567,6.2239366308,4.1383844463,5.1111826288,5.0326457192,5.0374035284,4.6425423353,6.3626453879,4.7924317316,1.5702136563,0.0002406538
205374_at,SLN,sarcolipin(SLN),4.9954094425,5.059540362,5.4520887619,5.4581349714,5.0376009819,3.7346025453,3.5452834205,3.5066588081,3.3359082384,4.0895189979,5.2005549039,3.642394402,1.5581605019,1.333863968686E-05
219250_s_at,FLRT3,fibronectin leucine rich transmembrane protein 3(FLRT3),6.7285893833,8.2912835314,8.6610339027,8.5317153083,7.9844733742,5.5178376678,6.9744399443,6.7335129741,6.8892301524,6.453002239,8.0394191,6.5136045955,1.5258145045,0.0081311822
219832_s_at,HOXC13,homeobox C13(HOXC13),7.1602912714,7.1534181677,7.5583568047,7.8537342223,7.4851404334,6.2252580569,5.2392780411,6.0646834069,5.7729402825,6.3307880155,7.4421881799,5.9265895606,1.5155986193,0.0002051006
202883_s_at,PPP2R1B,protein phosphatase 2 scaffold subunit Abeta(PPP2R1B),7.0716444846,7.0049703043,7.8185129648,7.7099120299,7.8645396545,6.1082623434,5.8533924027,5.9677443254,5.9167631247,6.1463916977,7.4939158876,5.9985107788,1.4954051088,6.16235353935542E-05
209921_at,SLC7A11,solute carrier family 7 member 11(SLC7A11),5.5822995948,4.7942949868,5.7532483109,5.5653166516,5.2933308993,3.9828319838,3.6865949856,4.2382310704,3.5707567834,4.0495061818,5.3976980887,3.905584201,1.4921138877,9.32196933418863E-05
211071_s_at,MLLT11,"myeloid/lymphoid or mixed-lineage leukemia; translocated to, 11(MLLT11)",7.342208928,7.642212168,8.2587389114,8.1141558529,8.1153453227,6.2145854847,6.4166919864,6.2885291061,6.1699491463,6.978636335,7.8945322366,6.4136784117,1.4808538249,0.0001845175
216603_at,SLC7A8,solute carrier family 7 member 8(SLC7A8),6.9254427583,5.5394470111,6.039705181,6.0752239076,6.9016534961,5.2211057753,4.6183238285,4.8001431341,4.7305280137,4.8156391089,6.2962944708,4.8371479721,1.4591464987,0.0009682052
211219_s_at,LHX2,LIM homeobox 2(LHX2),4.7478076858,5.4522868787,5.7826875359,5.6552848448,5.1536049253,3.3348508377,4.1722172249,4.4591699425,4.0709167598,3.4633105279,5.3583343741,3.9000930586,1.4582413155,0.0008991866
216248_s_at,NR4A2,nuclear receptor subfamily 4 group A member 2(NR4A2),7.7164873032,5.9886264552,8.6530394459,7.3892579002,5.9310700651,6.4084326685,5.3034750105,5.1586278638,6.1654563531,5.4475628984,7.1356962339,5.6967109589,1.4389852751,0.0377823822
201110_s_at,THBS1,thrombospondin 1(THBS1),7.0640126922,6.7812882328,7.1454230253,8.1422076594,7.5435223305,6.5030918833,5.0273265912,5.4597544183,5.9114110918,6.6015512295,7.3352907881,5.9006270428,1.4346637452,0.0055991435
202016_at,MEST,mesoderm specific transcript(MEST),6.7778844594,7.5500962333,7.7316520684,7.6661335141,8.2342892961,5.9233369944,5.9504305032,5.9133593029,6.1772177957,6.9785372681,7.5920111143,6.1885763729,1.4034347414,0.0019526682
204750_s_at,DSC2,desmocollin 2(DSC2),7.0339451406,7.5411104806,7.644227708,6.8412229036,7.5452731017,6.3234532991,5.8525668364,6.3612509384,5.6285553375,5.4463726997,7.3211558669,5.9224398222,1.3987160447,0.0004333204
215034_s_at,TM4SF1,transmembrane 4 L six family member 1(TM4SF1),9.3748636465,9.4057573497,10.130225227,10.2991259198,9.5025313024,8.2329676805,8.1923618649,8.3460965101,8.3633774245,8.6315629841,9.7425006891,8.3532732928,1.3892273962,0.0001681748
202884_s_at,PPP2R1B,protein phosphatase 2 scaffold subunit Abeta(PPP2R1B),7.2906671305,6.9586801889,7.6114196211,7.3963292301,7.5610665685,6.1966455973,6.0124151443,5.8038654634,5.6714416261,6.2660963177,7.3636325478,5.9900928298,1.373539718,2.89608542465858E-05
207716_at,KRT38,keratin 38(KRT38),2.9860143899,4.7154282076,4.0055303275,4.6143588438,3.9607941423,2.8879515826,2.8019151999,2.769668293,2.1447495936,2.889933827,4.0564251822,2.6988436992,1.357581483,0.0039222723
206315_at,CRLF1,cytokine receptor like factor 1(CRLF1),5.2701039201,5.9241309156,5.7260234249,6.1657197543,5.8065085074,4.3986404126,4.3463050126,4.7101744568,4.2214465278,4.4379910386,5.7784973045,4.4229114897,1.3555858148,4.06486962206992E-05
209286_at,CDC42EP3,CDC42 effector protein 3(CDC42EP3),7.2147409867,6.5164728526,6.8455512701,7.197295732,6.6827304515,5.7567511149,4.8031493706,5.5898654246,5.820716362,5.7331599705,6.8913582586,5.5407284485,1.3506298101,0.0004155231
203980_at,FABP4,fatty acid binding protein 4(FABP4),10.0396956687,10.378884712,11.3251504948,10.2041358248,11.1174937598,9.1643335048,8.8890436878,9.4660881702,9.1153019852,9.7045372514,10.613072092,9.2678609199,1.3452111721,0.0017846471
210319_x_at,MSX2,msh homeobox 2(MSX2),5.753479386,5.6339073897,6.8253303258,6.3451271934,6.6763204475,4.948392791,4.6695353053,5.0286145009,4.6338524484,5.2551369922,6.2468329485,4.9071064075,1.339726541,0.0010091166
201108_s_at,THBS1,thrombospondin 1(THBS1),5.1702900373,5.3729577726,5.8100438138,6.3976925997,4.9453865722,4.5616266208,4.3965255977,4.3318662712,4.7891732946,2.966950102,5.5392741591,4.2092283773,1.3300457818,0.01196563
204351_at,S100P,S100 calcium binding protein P(S100P),8.6440510126,9.1339029018,9.2054339846,9.3202159077,8.6041386147,7.09853778,7.6497456406,8.5090170836,7.8764992658,7.1788592221,8.9815484843,7.6625317984,1.3190166859,0.002145533
212154_at,SDC2,syndecan 2(SDC2),7.5677732084,8.4396331101,8.472375747,8.483576665,8.217372264,6.8063660795,6.8408589766,7.0383060154,6.978107976,6.9318515665,8.2361461989,6.9190981228,1.3170480761,7.9943626370836E-05
212158_at,SDC2,syndecan 2(SDC2),7.5552184353,8.5160223195,8.7506383247,8.5054818197,8.8324125803,7.2105116036,6.5184878352,7.1658071489,7.3788166031,7.3121423632,8.4319546959,7.1171531108,1.3148015851,0.0014071718
202391_at,BASP1,brain abundant membrane attached signal protein 1(BASP1),9.344170277,9.4076064073,9.4530697541,9.3811087796,9.6454949537,7.8502650505,7.98834033,8.1387385076,8.3933442476,8.3029137293,9.4462900343,8.134720373,1.3115696613,2.68330321234703E-06
205206_at,ANOS1,anosmin 1(ANOS1),6.1465898546,6.931983666,7.1977903145,7.0862480262,6.8023678552,5.5707020853,5.0364454841,5.4256236531,5.9917641078,5.7268492778,6.8329959433,5.5502769216,1.2827190217,0.0007558956
209617_s_at,CTNND2,catenin delta 2(CTNND2),4.1558950813,4.8261777878,5.294685439,5.5398428587,5.8136781599,3.7385006703,3.9445383943,3.593124858,3.9387232395,4.0275348501,5.1260558653,3.8484844024,1.2775714629,0.0029034696
211538_s_at,HSPA2,heat shock protein family A (Hsp70) member 2(HSPA2),9.1505226136,9.8410928593,10.1667345228,9.9764239282,10.2228696313,8.6449115679,8.4523550039,8.4636549456,8.4644474028,9.0195517,9.871528711,8.608984124,1.262544587,0.0004506317
218368_s_at,TNFRSF12A,TNF receptor superfamily member 12A(TNFRSF12A),6.2814261893,6.0929656561,6.004219792,5.885540078,5.4390379628,4.8427307876,5.0550465519,5.4842364348,5.1570737929,2.8627090597,5.9406379356,4.6803593254,1.2602786103,0.0322036373
214036_at,EFNA5,ephrin A5(EFNA5),6.5770347901,7.1786273081,7.1316452469,7.225743051,6.4049297502,6.0218967517,5.4417470554,5.6707144797,5.7819927866,5.3119985572,6.9035960293,5.6456699261,1.2579261031,0.0003503093
209288_s_at,CDC42EP3,CDC42 effector protein 3(CDC42EP3),6.8145931038,7.1690136116,8.0481751419,7.8432605571,7.5092261613,5.7893281775,5.7821584831,6.1434177056,6.7960575248,6.6256040886,7.4768537151,6.2273131959,1.2495405192,0.0035251049
210082_at,ABCA4,ATP binding cassette subfamily A member 4(ABCA4),5.2915140498,5.4487185219,5.2495530462,6.2539694933,5.3916587852,3.761166959,4.590867074,4.3439261755,4.1008506917,4.6173323985,5.5270827793,4.2828286597,1.2442541196,0.0009563499
213100_at,UNC5B,unc-5 netrin receptor B(UNC5B),6.1775494195,6.7922581393,6.7441187023,6.7895489684,6.2394652558,5.0558392734,5.8055509411,5.5850746058,5.5061098573,4.5756362955,6.5485880971,5.3056421946,1.2429459025,0.001390884
205555_s_at,MSX2,msh homeobox 2(MSX2),3.5448528137,4.2012926705,4.9918074317,4.7891403698,4.088889555,3.2369860352,2.8001965732,2.8603292432,3.0443629918,3.4706450144,4.3231965681,3.0825039715,1.2406925966,0.0025241333
215785_s_at,cyfip2,cytoplasmic FMR1 interacting protein 2(CYFIP2),6.8806406423,7.3951397663,6.9945619054,7.0764367063,7.3382122381,5.7602200415,5.9934495175,5.8782060593,5.8618181825,6.0223922277,7.1369982517,5.9032172057,1.233781046,3.57724681769214E-06
200906_s_at,PALLD,"palladin, cytoskeletal associated protein(PALLD)",8.5928737141,8.4273094915,8.2978919094,8.6946365434,7.6461780693,7.0877022451,7.1884413792,7.3562840752,7.6611447403,6.2705562263,8.3317779455,7.1128257332,1.2189522123,0.0033722663
201147_s_at,TIMP3,TIMP metallopeptidase inhibitor 3(TIMP3),8.8361466999,9.1153350217,9.5237099423,9.1965136074,9.0784289101,8.4498103583,7.8489112629,8.2742683715,7.7750659537,7.3095983127,9.1500268363,7.9315308518,1.2184959845,0.0007146208
209372_x_at,TUBB2B,tubulin beta 2B class IIb(TUBB2B),6.6298665154,7.6273115719,7.7170148934,8.1945432902,7.0422059034,5.9906406544,6.2161065663,7.1391127474,6.6716287403,5.2161832187,7.4421884349,6.2467343854,1.1954540495,0.0225885578
205932_s_at,MSX1,msh homeobox 1(MSX1),6.1737155077,5.9545938344,6.0351793768,5.5618473923,5.5346885354,4.8954304028,4.7406043475,4.3962611648,4.7372345235,4.5277941295,5.8520049293,4.6594649136,1.1925400157,6.07741873825965E-05
214433_s_at,SELENBP1,selenium binding protein 1(SELENBP1),7.1781651613,7.428376505,8.9207607425,7.7773788145,7.8542956162,6.6410660046,6.4672424669,7.4727824541,6.5157119789,6.12792212,7.8317953679,6.6449450049,1.186850363,0.0129339062
201149_s_at,TIMP3,TIMP metallopeptidase inhibitor 3(TIMP3),8.1399595466,8.3755345124,8.6245570763,8.1989027022,7.9192190979,7.4048189273,7.3173637693,7.7490965659,7.1675255285,5.7906159286,8.2516345871,7.0858841439,1.1657504432,0.0115522398
205289_at,BMP2,bone morphogenetic protein 2(BMP2),5.8947920613,5.8157604928,6.1702141126,6.538411674,6.7306387333,5.0109050399,4.6686768242,5.0870958408,5.3828031474,5.2059734468,6.2299634148,5.0710908598,1.158872555,0.0006310977
201148_s_at,TIMP3,TIMP metallopeptidase inhibitor 3(TIMP3),6.6849436778,7.6534453676,7.7273235862,7.4380900415,6.9300010205,6.5777282128,6.3711633915,6.5351069098,6.2873732948,4.9606837427,7.2867607387,6.1464111103,1.1403496284,0.0140109834
216092_s_at,SLC7A8,solute carrier family 7 member 8(SLC7A8),8.0914245958,7.3313721065,7.8960915007,7.7387556117,7.7221696678,6.9956522959,6.2523844343,6.6849112869,6.3847093366,6.7739873082,7.7559626965,6.6183289324,1.1376337641,0.0002594913
210335_at,RASSF9,Ras association domain family member 9(RASSF9),3.3976930446,3.1590444659,4.9155510163,4.7279829518,3.7289522385,2.8576538145,2.7495468389,2.8660458611,2.8581160052,2.9139540234,3.9858447434,2.8490633086,1.1367814348,0.012627101
210074_at,CTSV,cathepsin V(CTSV),10.9857639668,11.9744365671,11.9986393297,12.2220722879,11.8186367768,9.7910692569,11.0595920098,10.784137668,10.6868175701,11.0069418804,11.7999097856,10.665711677,1.1341981086,0.0067743446
209386_at,TM4SF1,transmembrane 4 L six family member 1(TM4SF1),10.4426847825,10.4537851584,11.1903139176,11.1945432656,10.8173578437,10.04970577,9.2537714609,9.694393706,9.8470387053,9.5968603603,10.8197369936,9.6883540005,1.1313829931,0.0007170724
213556_at,PINLYP,phospholipase A2 inhibitor and LY6/PLAUR domain containing(PINLYP),5.1944095416,5.8247469813,5.6039402175,6.0936273573,5.6744151711,4.6105927654,4.837577881,4.3107871123,4.7122898769,4.3836072572,5.6782278538,4.5709709785,1.1072568752,0.0002474871
205931_s_at,LOC401317,uncharacterized LOC401317(LOC401317),4.2123603897,4.292119356,4.989131376,5.038129954,4.9526222629,4.2290784292,3.441867076,3.0273140275,3.9946596404,3.2980112302,4.6968726677,3.5981860807,1.098686587,0.0051489529
204320_at,COL11A1,collagen type XI alpha 1 chain(COL11A1),5.3327148786,5.3324503377,6.4780141653,5.6476853543,6.1000361418,3.8320699254,4.1975919515,5.0185371486,5.096809086,5.267692119,5.7781801755,4.6825400461,1.0956401294,0.0159921248
203797_at,VSNL1,visinin like 1(VSNL1),8.5416937094,8.8560862764,8.8523852171,8.9326234331,8.9556849212,7.3129843033,7.952639396,7.7454127498,7.7720431997,7.8879471121,8.8276947114,7.7342053522,1.0934893592,3.85406693791942E-05
204268_at,S100A2,S100 calcium binding protein A2(S100A2),13.0735625288,12.7555844694,12.3125846314,12.5985450266,12.6475766974,10.9856965931,11.8629752511,11.3015585542,11.7003870033,12.116722619,12.6775706707,11.5934680041,1.0841026666,0.0017786552
221962_s_at,UBE2H,ubiquitin conjugating enzyme E2 H(UBE2H),6.2141561891,6.844427962,7.0893201758,6.6917830139,6.5195782294,4.713214158,6.2594866906,6.081401521,5.8526321751,5.0765884242,6.671853114,5.5966645938,1.0751885203,0.0122127899
205724_at,pkp1,plakophilin 1(PKP1),6.5517919182,6.6775415045,6.8118172769,7.1052458164,5.9855521168,5.7970921163,5.9959260788,6.3696099957,5.3926814856,4.2045626152,6.6263897266,5.5519744583,1.0744152682,0.0322526283
219229_at,SLCO3A1,solute carrier organic anion transporter family member 3A1(SLCO3A1),7.0818534449,7.2756992595,7.3074175956,7.4986864829,7.319477852,6.0327345286,6.1926804404,6.5151513522,6.3332989595,6.0411925957,7.296626927,6.2230115753,1.0736153517,1.24845343981865E-05
202166_s_at,PPP1R2,protein phosphatase 1 regulatory inhibitor subunit 2(PPP1R2),7.9828554001,7.7423231808,8.4418468382,8.6792723013,8.5829290474,7.0420731211,6.8475002685,7.2923189637,7.5428948931,7.3803382847,8.2858453535,7.2210251062,1.0648202473,0.0012562938
217395_at,MT4,metallothionein 4(MT4),7.870783287,6.3653474976,6.2791794956,6.5884669204,6.6489635125,5.55973264,5.6260770741,5.5845463434,5.5995459345,6.0748928603,6.7505481426,5.6889589705,1.0615891722,0.0081991786
202435_s_at,CYP1B1,cytochrome P450 family 1 subfamily B member 1(CYP1B1),7.3099615817,8.2044219765,8.328916194,8.2510733326,7.2267012809,6.5886319537,6.8629973201,7.8444836397,6.854010114,5.8680955619,7.8642148731,6.8036437179,1.0605711553,0.0293009892
219768_at,VTCN1,V-set domain containing T cell activation inhibitor 1(VTCN1),5.8788664902,6.7901756563,6.9448699217,6.7805288755,6.4098194378,6.3797198944,5.1148489395,5.1653998722,5.2323057948,5.6131580538,6.5608520763,5.5010865109,1.0597655653,0.0083210317
201287_s_at,sdc1,syndecan 1(SDC1),11.2386513379,11.1276373419,11.1773293356,11.282562762,10.8707523147,10.0292213723,10.5384019734,10.5501642999,10.1928035861,9.095577678,11.1393866184,10.0812337819,1.0581528365,0.0049559909
204256_at,ELOVL6,ELOVL fatty acid elongase 6(ELOVL6),5.3969442754,6.3884089562,6.5613741033,6.6955156881,7.2093882479,4.8801652091,5.1913032549,5.5973652935,5.3209849855,6.0235478987,6.4503262542,5.4026733284,1.0476529258,0.018218365
210868_s_at,ELOVL6,ELOVL fatty acid elongase 6(ELOVL6),4.8590857262,5.3622525914,6.1617550934,5.7153178247,5.7618384132,4.5240277459,4.3587276386,4.2774823938,4.7735456234,4.7529290775,5.5720499298,4.5373424959,1.0347074339,0.0026187447
202693_s_at,STK17A,serine/threonine kinase 17a(STK17A),6.9332053676,6.8383479973,7.6450525534,7.5212857212,7.8360908889,6.1955208373,5.9229407497,6.4059864051,6.3443340833,6.7534353937,7.3547965057,6.3244434938,1.0303530118,0.0026733539
205472_s_at,DACH1,dachshund family transcription factor 1(DACH1),4.0944081187,4.5766598706,5.0111363069,4.6603837737,4.7871914554,3.5650407049,3.3744659939,4.0602111912,3.4398188521,3.5875079331,4.625955905,3.605408935,1.02054697,0.0007554415
203798_s_at,VSNL1,visinin like 1(VSNL1),7.4278825176,7.9095729559,8.0008297618,8.2886075883,7.6649778285,6.5778947357,7.0441877555,6.8863229708,6.7487449942,6.9387569671,7.8583741304,6.8391814847,1.0191926458,0.0002947929
209387_s_at,TM4SF1,transmembrane 4 L six family member 1(TM4SF1),8.9504985963,8.7032274934,9.7251882662,9.7578649954,9.2426717144,8.8123579922,7.8525117819,8.1558205603,8.2522642602,8.2528254918,9.2758902132,8.2651560172,1.0107341959,0.0046172107
202935_s_at,SOX9,SRY-box 9(SOX9),9.3861966186,9.9640349667,10.3615062946,9.8805415118,10.1432101057,9.1350923219,9.0477025104,9.2946771232,8.8822387324,8.3345668009,9.9470978995,8.9388554978,1.0082424017,0.0024480661
202363_at,SPOCK1,"SPARC/osteonectin, cwcv and kazal like domains proteoglycan 1(SPOCK1)",4.68344528,5.1415122073,5.346624925,5.4221872428,6.1381969573,4.1074920378,3.8925995944,4.286965475,4.1533183849,5.2652144584,5.3463933225,4.3411179901,1.0052753324,0.017356726
205471_s_at,DACH1,dachshund family transcription factor 1(DACH1),5.725725808,6.8033598931,7.0668868664,6.6508456797,6.9172812003,5.2359405767,5.8825014627,6.0583063205,5.6133902053,5.3575938774,6.6328198895,5.6295464885,1.003273401,0.0075232464
200730_s_at,PTP4A1,"protein tyrosine phosphatase type IVA, member 1(PTP4A1)",7.1402684289,7.1917442395,8.4460095278,7.9570166965,7.0781524092,6.1773498883,6.1932095347,7.0197374922,6.7813536148,6.6341936261,7.5626382604,6.5611688312,1.0014694292,0.01378801
