Gene_ID,Gene_Name,CCT1,CCT2,VCT1,VCT2,VCT3,DCT1,DCT2,logFC.CCT,logFC.DCT,relative.CCT,relative.DCT,PValue
ENSMUSG00000000823.16,Znf512b,6.39,6.24,20.47,16.88,16.06,4,4.36,-1.3591120354,-1.641633328,0.3898221477,0.3204934266,9.98573551623015E-05
ENSMUSG00000000938.11,Hoxa10,0.14,0.04,6.13,7.25,10.64,0.34,0.38,-5.1097422083,-3.7121085358,0.0289610515,0.0763034164,0.0001514888
ENSMUSG00000001119.7,Col6a1,24.17,23.92,66.13,54.13,50.37,17.33,16.5,-1.1191232425,-1.3190021095,0.4603735194,0.4008120786,5.42406957679071E-05
ENSMUSG00000001506.10,Col1a1,473.25,572.09,1956.84,1994.05,2192.14,336.61,332.75,-1.8507589567,-2.191754253,0.277246479,0.2188851139,4.68008670179716E-06
ENSMUSG00000001555.10,Fkbp10,10.07,8.62,26.74,27.16,22.4,5.49,6.29,-1.3141869766,-1.6681603344,0.4021520622,0.3146543222,6.33112324435821E-06
ENSMUSG00000002111.8,Spi1,4.15,3.71,11.59,11.14,8.5,3.82,2.56,-1.2598584808,-1.2545347757,0.4175849201,0.4191287015,0.0148953521
ENSMUSG00000002732.14,Fkbp7,22.09,19.26,46.17,43.06,48.23,16.68,15.24,-1.0254638362,-1.0919237045,0.4912523329,0.4691354074,5.67505076868595E-05
ENSMUSG00000004473.10,Clec11a,4.15,3.98,19.66,16.38,16.15,2.27,2.74,-1.9458909832,-2.32426783,0.25955443,0.1996759067,4.70269619300428E-06
ENSMUSG00000007805.4,Twist2,5.87,5.12,16.66,16.59,14.85,3.48,3.08,-1.4057083742,-1.8321224171,0.3774327785,0.2808511437,9.35551718549473E-05
ENSMUSG00000008153.11,Clstn3,7.62,7.48,21.27,14.18,17.6,2.14,2.55,-1.0964682179,-2.439050859,0.4676599481,0.1844049312,0.000237565
ENSMUSG00000010651.4,Acaa1b,4.4,3.63,33.84,25.25,23.08,3.14,2.82,-2.6137998052,-2.7334520282,0.1633683249,0.150365758,0.000021858
ENSMUSG00000010830.7,Kdelr3,13.49,14.39,46.4,38.96,38.39,8.55,10.34,-1.4382683706,-1.690960621,0.3690099517,0.3097206283,1.1590705680466E-05
ENSMUSG00000015354.8,Pcolce2,4.92,4.86,17.15,16.72,22.12,5.08,5.19,-1.7875121908,-1.4189685364,0.2896711296,0.3739795956,0.0002642725
ENSMUSG00000015665.8,Awat1,17.69,19.16,108.3,62.26,83.95,5.47,5.65,-2.077179793,-3.4828606292,0.2369772066,0.0894446728,0.0001305437
ENSMUSG00000016995.17,Matn4,3.08,2.45,9.44,7.71,8.64,0.91,1.29,-1.4760781201,-2.4352732464,0.3594646681,0.1848884175,0.0014185336
ENSMUSG00000018593.12,Sparc,1017,1057.29,2513.48,2205.05,2310.77,625.93,619.91,-1.0567225083,-1.4873408014,0.4807229188,0.3566693621,8.74350564266126E-06
ENSMUSG00000018604.18,Tbx3,1.19,0.93,7.87,8.1,6.73,0.87,0.82,-2.579576935,-2.5979352781,0.1672899943,0.1651747106,0.0002054811
ENSMUSG00000018868.3,Pnpla5,5.26,5.36,27.08,15.82,21.14,1.77,1.03,-1.8638809896,-3.4125360617,0.2747362169,0.0939126908,0.0002524123
ENSMUSG00000018906.14,P4ha2,7.59,6.56,20.72,15.91,16.75,4.86,6.08,-1.1974696793,-1.2610216687,0.4360393741,0.4172483736,0.0010971797
ENSMUSG00000019232.14,Etnppl,0.08,0.05,2.88,1.05,2.45,0,0,-3.4395552829,-4.0347215396,0.0921702336,0.0610137604,0.0137198771
ENSMUSG00000019368.13,Sec14l4,8.67,8.19,31.26,20.81,26.12,3.69,3.49,-1.4959777375,-2.4019041952,0.3545404799,0.1892146638,0.0001465486
ENSMUSG00000019539.10,Rcn3,31.34,30.29,103.43,92.1,82.54,21.26,24.05,-1.4657326603,-1.6025913783,0.3620516271,0.3292849823,2.51473977289654E-06
ENSMUSG00000019929.15,Dcn,422.04,407.52,1013.52,1010.06,1005.77,342.11,342.03,-1.1660171411,-1.1378979482,0.445649953,0.4544212014,0.00000345
ENSMUSG00000021186.8,Fbln5,3.97,4.33,11.4,10.86,9.97,3.01,3.3,-1.2285827234,-1.3148752626,0.4267364579,0.4019602479,0.012363459
ENSMUSG00000021207.8,Akr1c21,0,0,7.9,1.86,8.22,0,0,-5.4715818157,-5.4715818157,0.0225366702,0.0225366702,0.0231316327
ENSMUSG00000021268.17,Meg3,23.51,27.6,68.28,50.02,50.77,15.76,16.58,-1.0183477418,-1.3704750005,0.4936814213,0.3867638872,0.0004650658
ENSMUSG00000021388.13,Aspn,20.46,21.1,41.92,54.65,41.52,10.57,12.74,-1.0241348463,-1.5481346474,0.491705076,0.3419519099,0.0001316659
ENSMUSG00000021751.13,Acox2,4.18,4.07,11.14,8.22,8.82,1.64,1.52,-1.0459519155,-2.0767586362,0.4843252367,0.237046396,0.0049866722
ENSMUSG00000022018.7,Rgcc,55.23,48.44,155,140.47,105.49,50.74,47.46,-1.2431870582,-1.0147822216,0.4224384158,0.4949030294,0.0001745469
ENSMUSG00000022032.14,Scara5,7.83,5.72,20.8,20.55,17.05,6.22,5.7,-1.3875336737,-1.2680930487,0.3822176555,0.4152082317,0.000201861
ENSMUSG00000022048.8,Dpysl2,27.94,26.45,81.93,104.71,88.52,21.06,20.43,-1.6308853304,-1.7145768392,0.3228900008,0.3046919228,8.11961566572313E-06
ENSMUSG00000022199.10,Slc22a17,4.09,2.62,9.13,7.59,7.42,1.46,1.21,-1.1144212856,-2.0839869129,0.4618763927,0.2358617023,0.009028684
ENSMUSG00000022330.4,Osr2,4.82,6.16,26.19,25.69,22.4,3.82,3.68,-2.0294998722,-2.2669945114,0.2449399711,0.2077622558,1.62206165903586E-06
ENSMUSG00000022484.7,Hoxc10,0,0,3.85,2.66,3.16,0.08,0.1,-4.6044169476,-3.6979988292,0.0411085716,0.0770533329,0.0013806349
ENSMUSG00000022665.14,Ccdc80,28.22,31.61,243.67,188.6,231.22,45.84,44.55,-2.7640660275,-1.8661101529,0.1472086113,0.2743120393,2.83083797915477E-06
ENSMUSG00000022816.11,Fstl1,82.39,81.11,200.39,231.87,191.57,75.63,72.06,-1.2256827793,-1.0664525847,0.4275950985,0.4774916518,5.49630376325619E-06
ENSMUSG00000023021.15,Cers5,15.94,15.51,59.87,50.98,50.56,8.67,7.19,-1.6481450967,-2.3223796323,0.3190501027,0.1999374134,1.7346519703466E-06
ENSMUSG00000024190.6,Dusp1,43.55,49.86,179.25,143.61,149.99,23.21,22.64,-1.6324772162,-2.3513198762,0.3225339168,0.1959666587,3.11567756653591E-06
ENSMUSG00000024529.13,Lox,5.39,4.03,13.74,17.02,13.19,4.39,3.91,-1.4936552116,-1.3729140025,0.3551116973,0.3861105815,0.0007191401
ENSMUSG00000024538.7,Ppic,70.94,58.98,175.37,176.22,172.79,29.58,31.62,-1.3098685707,-2.0863032864,0.4033576238,0.2354833095,2.35288807217081E-07
ENSMUSG00000025202.7,Scd3,3.12,3.89,83.84,46.97,80.15,2.71,2.97,-4.160240664,-4.1574528055,0.0559297362,0.0560379191,0.00010361
ENSMUSG00000025213.11,Kazald1,13.88,13.05,56.03,52.11,45.62,5.42,5.83,-1.8000430307,-2.7402849356,0.2871660234,0.1496552779,3.13717494837022E-07
ENSMUSG00000025784.4,Clec3b,20.22,14.79,64.78,63.44,45.35,18.4,18.88,-1.5986287608,-1.2038178904,0.3301906651,0.4341249094,0.0001317433
ENSMUSG00000025934.15,Gsta3,2.34,1.36,6.94,4.59,8.69,1.72,1.83,-1.6800497408,-1.4479616507,0.3120718775,0.3665389324,0.019602521
ENSMUSG00000026042.16,Col5a2,13.05,12.9,29.17,31.88,26.95,8.83,10.06,-1.0509256541,-1.201046873,0.4826583845,0.4349595443,6.45072845075651E-05
ENSMUSG00000026043.18,Col3a1,453.95,431.89,1514.82,1523.18,1422.82,296.59,297.35,-1.6285086547,-1.8987079825,0.3234223637,0.268183432,1.85550886494407E-07
ENSMUSG00000026837.15,Col5a1,13.94,12.09,33.23,33.02,34.71,9.65,9.82,-1.2440997055,-1.355396597,0.4221712662,0.3908273683,7.62462612618699E-06
ENSMUSG00000027016.17,Zfp385b,2.95,2.57,6.74,7.54,7,0.56,1.22,-1.2060789641,-2.4395711858,0.433445057,0.1843384352,0.006788649
ENSMUSG00000027102.4,Hoxd8,2.75,2,7.8,5.96,8.13,1.89,1.98,-1.4525788356,-1.4422563276,0.3653677405,0.3679913277,0.0241634391
ENSMUSG00000027318.17,Adam33,1.59,3.8,9.59,7.81,8.49,2.36,1.82,-1.5168759214,-1.5744539209,0.3494417953,0.3357701951,0.0081632078
ENSMUSG00000027380.10,Acoxl,14.12,11.55,31.84,27.31,28.08,1.54,0.53,-1.0539378991,-4.2572630928,0.4816516793,0.0522921032,6.19436474944296E-06
ENSMUSG00000027713.6,1810062G17Rik,1.18,1.03,4.63,3.38,4,0.45,0.79,-1.6303105848,-2.0932655875,0.3230186604,0.2343496284,0.0481303109
ENSMUSG00000027750.16,Postn,40.4,37.81,85.07,103.16,101.58,37.45,33.48,-1.1849186419,-1.0197599191,0.4398493417,0.4931984192,9.18033854751125E-05
ENSMUSG00000027833.16,Shox2,4.19,3.38,8.94,13.41,9.31,2,2.56,-1.3318557112,-1.7406653052,0.3972569291,0.2992316523,0.0032681924
ENSMUSG00000027848.12,Olfml3,7.24,7.05,20.25,16.93,18.18,4.61,4.63,-1.2356729702,-1.551944815,0.4246443706,0.3410500041,0.0001976252
ENSMUSG00000027869.14,Hsd3b6,7.28,5.61,29.77,24.47,29.95,1.18,1.18,-1.9829588157,-4.0334225518,0.2529705216,0.0610687213,0.000005839
ENSMUSG00000028195.4,Cyr61,17.36,19.12,65.62,68.84,60.89,18.12,19.12,-1.7101675878,-1.3762066319,0.3056245651,0.3852303751,4.40690702700649E-07
ENSMUSG00000028480.14,Glipr2,3.19,2.79,9.63,11.27,8.38,3.6,3.32,-1.5483377042,-1.049101398,0.3419037842,0.4832690814,0.0124002842
ENSMUSG00000028597.11,Gpx7,15.69,12.06,40.67,39.31,35.27,10.57,9.78,-1.3427595333,-1.4823138859,0.3942657973,0.3579143057,5.11864147995569E-06
ENSMUSG00000028641.16,P3h1,5.34,6.51,16.01,13.67,10.23,3.31,2.45,-1.0325269303,-1.746841978,0.4888531553,0.2979532774,0.0019992747
ENSMUSG00000029061.2,Mmp23,8.22,6.5,32.96,28.91,26.02,8.29,7.02,-1.8564537709,-1.4987241594,0.2761542487,0.3538661922,1.10147309929813E-05
ENSMUSG00000029098.16,Acox3,4.66,4.63,23.14,16.48,17.11,4.19,2.8,-1.8783579294,-1.9794105388,0.2719931212,0.2535934628,0.000130634
ENSMUSG00000029185.14,Fam114a1,3.76,4.2,8.62,9.6,9.78,2.82,2.81,-1.0869112646,-1.2737032593,0.4707681868,0.4135967461,0.033638252
ENSMUSG00000029368.10,Alb,0.73,0.48,4.5,3.07,4.48,1.02,0.98,-2.385808635,-1.488493389,0.1913374743,0.3563845281,0.0329620564
ENSMUSG00000029661.16,Col1a2,388.31,410.68,1332.14,1373.69,1359.18,212.85,215.61,-1.6429021153,-2.2372463716,0.3202116905,0.2120907532,3.47081919962994E-07
ENSMUSG00000029675.12,Eln,9.97,11.04,48.82,46.63,45.41,14.44,13.78,-2.0284875722,-1.3033297407,0.2451118992,0.4051899396,4.07438802764063E-07
ENSMUSG00000029720.9,Gm20605,1.64,1.1,4.91,4.36,2.77,0,0.66,-1.3527667092,-2.8364548882,0.391540457,0.1400045008,0.0296292642
ENSMUSG00000029781.7,Fkbp9,17.03,20.19,44.58,40.1,40.3,14.48,14.76,-1.0389079159,-1.0804507523,0.4866957508,0.4728810544,4.2603605748578E-05
ENSMUSG00000029821.15,Dfna5,13.66,10.84,25.93,36.02,23.57,9.73,9.27,-1.0919478752,-1.151575641,0.4691275476,0.4501333491,0.0016070682
ENSMUSG00000030303.15,Far2,28.18,30.93,86.36,68.73,82.46,5.76,5.43,-1.3000623327,-3.374971925,0.4061086516,0.0963900523,0.000006778
ENSMUSG00000030317.8,Timp4,3.32,2.05,7.62,5.02,6.83,0.35,0.36,-1.1183831258,-3.4304596657,0.4606097562,0.0927531658,0.002503769
ENSMUSG00000030717.9,Nupr1,123.57,145.85,399.97,278.75,359.81,75.24,76.13,-1.2420099969,-1.7700834014,0.4227832141,0.2931917876,0.000117618
ENSMUSG00000031220.14,Awat2,6.05,5.96,40.93,25.62,31.27,2.23,2.57,-2.2982791101,-3.2846352256,0.2033054634,0.1026186442,7.37304659994561E-05
ENSMUSG00000031595.9,Pdgfrl,11.65,10.78,55.55,46.22,44.9,5.78,6.54,-1.9933134271,-2.5436521501,0.2511613841,0.1715080086,1.63036284771381E-06
ENSMUSG00000032014.5,Oaf,6.22,4.95,19.22,20.7,16.57,6.31,6.75,-1.6128971589,-1.0908414505,0.326941142,0.4694874666,0.0001441041
ENSMUSG00000032024.10,Clmp,4.52,4.85,13.38,15.13,12.66,2.6,2.82,-1.4077531435,-1.8759549732,0.3768982121,0.272446531,0.0002944189
ENSMUSG00000032035.15,Ets1,4.18,3.93,8.71,9.95,8.77,2.39,2.15,-1.0315578045,-1.5427204823,0.4891816511,0.3432376026,0.0218395905
ENSMUSG00000032315.5,Cyp1a1,3.58,3.68,9.37,8.11,7.73,0.4,0.64,-1.0662793643,-3.3523761887,0.4775489864,0.0979116142,0.0006052845
ENSMUSG00000032925.16,Itgbl1,3.46,3.43,12.33,11.88,10.78,3.95,4.33,-1.6055277763,-1.0508604778,0.3286154518,0.4826801899,0.0043804978
ENSMUSG00000032997.16,Chpf,8.15,5.67,21.96,21.72,13.52,6.25,5.96,-1.3297376541,-1.204138239,0.3978405803,0.4340285232,0.001826363
ENSMUSG00000033066.15,Gas7,27.91,27.62,67.08,67.39,58.65,18.03,17.89,-1.0908481593,-1.4112886557,0.4694852834,0.3759757048,7.6610445486208E-07
ENSMUSG00000033544.6,Angptl1,1.08,1.65,6.43,4.22,7.06,2.06,1.83,-1.8988930631,-1.135800939,0.2681490295,0.4550821993,0.0301575472
ENSMUSG00000034201.13,Gas2l1,17.82,20.16,54.22,47.08,38.21,8.56,8.52,-1.1677262647,-2.0066763057,0.4451223156,0.2488457572,5.08893381826833E-05
ENSMUSG00000034463.3,Scara3,6.45,5.51,15.35,14.25,12.47,5.17,5.16,-1.0948429615,-1.0016671112,0.4681870835,0.499422557,0.0145831793
ENSMUSG00000034777.2,Vax2,2.09,0.77,6.93,5.37,4.93,0.68,0.62,-1.7986435616,-2.5406234789,0.2874447206,0.1718684361,0.0057344337
ENSMUSG00000035041.8,Creb3l3,0.94,0.84,5.36,3.66,5.38,0.43,0.66,-2.1607504753,-2.5051127972,0.2236399023,0.1761513215,0.0077632402
ENSMUSG00000035504.16,Reep6,7.25,7.57,21.25,14.28,16.21,5.36,6.9,-1.0871851218,-1.0548832694,0.4706788325,0.4813361656,0.004856316
ENSMUSG00000035783.8,Acta2,66.81,70.31,175.82,160.35,158.88,54.53,54.35,-1.1464996936,-1.1736507487,0.451719878,0.4432981514,2.29164496216025E-06
ENSMUSG00000036139.6,Hoxc9,0,0,2.86,2.7,3.66,0.55,0.64,-4.538563259,-1.777136892,0.0430285114,0.2917618399,0.0073784014
ENSMUSG00000036256.13,Igfbp7,168.53,170.25,431.12,440.92,364.58,118.02,116.35,-1.1606141256,-1.3864762167,0.4473220791,0.3824979135,2.30523208300347E-06
ENSMUSG00000036446.4,Lum,66.24,55.45,176.39,193.97,185.15,52.89,53.49,-1.487482812,-1.3740764804,0.3566342553,0.3857995912,1.33376766011187E-06
ENSMUSG00000036545.8,Adamts2,3.19,3.93,16.08,14.14,13.82,3.62,4.1,-1.8882035253,-1.4777566207,0.2701432379,0.3590466929,8.75048058283839E-05
ENSMUSG00000036564.16,Ndrg4,4.22,4.49,12.05,11.17,9.22,2.38,2.58,-1.1702727783,-1.6590497046,0.4443373193,0.3166476539,0.005618493
ENSMUSG00000036596.6,Cpz,10.33,10.34,55.74,43.22,41.06,6.12,6.42,-2.0429614729,-2.4516923581,0.2426650977,0.1827961565,1.06779420938427E-05
ENSMUSG00000037096.6,Gm9762,6.96,6.69,31.76,35.59,30.52,8.64,5.65,-2.1178979031,-1.7513409103,0.2303823497,0.2970255805,7.34024824629942E-06
ENSMUSG00000037206.14,Islr,5.62,5.28,19.92,19.14,15.45,6.17,5.79,-1.5962745093,-1.1646094811,0.3307299242,0.4460849928,0.0001664701
ENSMUSG00000037379.7,Spon2,11.97,11.99,36.03,30.16,26.51,9.94,11.51,-1.239504136,-1.0941907852,0.4235181972,0.4683987772,0.0001355765
ENSMUSG00000037664.12,Cdkn1c,9.15,9.69,33.62,38.97,28.15,9.59,10.29,-1.7016297119,-1.3221861784,0.3074386151,0.3999284505,3.33018508589668E-05
ENSMUSG00000038135.4,Crygn,2,4.85,18.68,10.06,17.16,0.98,0.28,-2.0012047108,-3.9717994651,0.2497913267,0.0637337136,0.001475059
ENSMUSG00000038227.15,Hoxa9,0.03,0.02,20.8,12.47,20.14,0.59,0.14,-6.7619362738,-4.8360009632,0.0092141304,0.0350121396,5.62568791891994E-05
ENSMUSG00000038236.8,Hoxa7,1.43,2.33,37.02,42.29,40.42,7.61,6.17,-4.1999828252,-2.0928931079,0.0544100579,0.2344101414,8.74585727063996E-07
ENSMUSG00000039542.15,Ncam1,3.87,4.22,10.5,12.14,12.53,2.15,2.39,-1.3888956318,-1.8966164466,0.381856998,0.2685725108,0.0009306527
ENSMUSG00000039883.5,Lrrc17,4.26,3.98,10.59,12.53,10.68,3.71,3.96,-1.3065197741,-1.1091651328,0.4042949886,0.4635622102,0.0130490798
ENSMUSG00000040650.8,Cyp2b23,0.05,0.19,6.17,3.01,4.73,0,0,-4.1526746908,-5.1107626473,0.0562238208,0.0289405741,0.0008211788
ENSMUSG00000040699.13,Limd2,5.2,6.98,23.41,17.26,19.41,5.85,5.17,-1.5789467301,-1.4200606279,0.3347261734,0.3736966076,0.0002490255
ENSMUSG00000041120.6,Nbl1,36.32,36.16,106.71,89.35,75.76,30.99,31.34,-1.1991360529,-1.1108008558,0.4355360211,0.4630369227,0.0001004335
ENSMUSG00000041378.1,Cldn5,14.69,11.32,43,37.53,30.38,9.29,10,-1.3799429212,-1.5033561258,0.3842339969,0.3527318791,9.06521977295412E-05
ENSMUSG00000042250.13,Pglyrp4,9.77,10.63,34.86,26.83,28.96,5.29,5.33,-1.4369348384,-2.0624912391,0.3693511979,0.239402274,2.85272055268351E-05
ENSMUSG00000042436.12,Mfap4,83.37,82,377.45,323.62,306.22,54.51,51.57,-1.8999822882,-2.2337891179,0.2679466552,0.2125996139,2.95392324049212E-07
ENSMUSG00000042938.8,Gm14117,3.32,1.76,9.82,6.73,8.48,2.41,1.94,-1.5504711405,-1.4716418861,0.3413985556,0.3605717099,0.0107515362
ENSMUSG00000043613.7,Mmp3,7.11,5.13,54.2,40.68,44.86,7.37,8.09,-2.7842701144,-2.1514393658,0.1451614105,0.2250879351,9.06133649056797E-06
ENSMUSG00000043895.5,S1pr2,5.59,4.66,12.84,12.15,10.16,3.97,3.22,-1.0559287945,-1.2556830076,0.4809874663,0.4187952523,0.0168089685
ENSMUSG00000045362.7,Tnfrsf26,0.93,0.75,5.34,3.33,4.28,0.58,0.62,-2.084850091,-2.2389577847,0.2357206262,0.2118393074,0.0179562645
ENSMUSG00000045555.3,Mettl24,1.01,1.5,7.1,7.8,6.16,1.21,1.4,-2.2540061676,-1.9210379714,0.2096411499,0.2640644561,0.0021953164
ENSMUSG00000046295.13,Ankle1,1.82,2.32,5.28,5.45,4.89,0.41,0.4,-1.1639075545,-2.9704783401,0.4463020831,0.1275842069,0.0123429617
ENSMUSG00000046491.10,C1qtnf2,7.3,6.61,27.44,25.24,20.51,7.04,8.14,-1.6739309661,-1.2481520717,0.3133982511,0.420987099,2.77686040132687E-05
ENSMUSG00000047261.9,Gap43,1.87,2.29,4.5,6.49,4.39,0.69,1.02,-1.1355926773,-2.0334231444,0.4551478979,0.244274785,0.048130579
ENSMUSG00000047965.9,Rpl9-ps7,0,0,3.94,1.77,2.46,0,1.72,-4.3720838791,-1.1463097503,0.0482916016,0.4517793548,0.039212334
ENSMUSG00000048120.16,Entpd1,5.44,4.33,11.84,9.96,11.48,4.3,2.03,-1.0455435127,-1.3561529973,0.4844623605,0.3906225125,0.0162908638
ENSMUSG00000048387.7,Osr1,2.51,2.68,10.37,10.29,9.05,2.85,2.88,-1.7645586334,-1.333467458,0.2943167114,0.3968133703,0.0033832737
ENSMUSG00000049115.14,Agtr1a,1.24,1.59,5.17,6.3,5.59,1.98,1.92,-1.7986348689,-1.0795689601,0.2874464525,0.4731701732,0.0436777504
ENSMUSG00000050212.4,Eva1b,17.11,15.99,43.63,40.19,32.91,12.13,12.31,-1.1086320359,-1.2387039741,0.4637335349,0.4237531583,0.00004207
ENSMUSG00000051041.7,Olfml1,2.23,2.4,7.04,7.63,6.93,2.26,1.75,-1.4686754103,-1.3746255846,0.3613138818,0.3856527799,0.0274364692
ENSMUSG00000051855.15,Mest,2.07,3.08,12.4,7.33,12.64,1.6,2.6,-1.8973387982,-1.8856595627,0.2684380713,0.2706200127,0.0024234936
ENSMUSG00000052371.5,Hoxd3os1,2.1,1.95,9.05,6.88,8.49,3.42,1.34,-1.8249502784,-1.3123124629,0.2822508286,0.4026749236,0.0079594971
ENSMUSG00000052974.8,Cyp2f2,7.13,6.51,44.81,34.4,36.81,12.19,13.19,-2.3634713805,-1.1761852802,0.1943230063,0.4425200474,1.59846713344277E-05
ENSMUSG00000053964.16,Lgals4,5.76,4.63,21.47,12.66,18.53,2.44,3.04,-1.61451592,-2.2127106284,0.3265745068,0.215728602,0.0007850899
ENSMUSG00000054641.10,Mmrn1,1.34,1.65,4.56,4.99,3.98,0.66,0.63,-1.4001181998,-2.2107187564,0.3788980973,0.2160266557,0.0397819901
ENSMUSG00000054675.5,Tmem119,6.31,6.13,22.92,20.18,19.18,6.25,5.39,-1.600630056,-1.3939986757,0.3297329448,0.3805086945,1.78122468441226E-05
ENSMUSG00000055653.13,Gpc3,20.33,21.54,50.65,60.73,65.33,20.12,19.46,-1.3692049209,-1.1452651462,0.3871045256,0.4521065906,0.0001929424
ENSMUSG00000056069.8,Fam105a,3.83,3.05,8.4,6.62,8.58,1.58,1.77,-1.0475701618,-1.7457333352,0.483782282,0.2981823284,0.0230970046
ENSMUSG00000056481.6,Cd248,9.25,9.84,55.73,42.89,40.1,13.47,12.7,-2.1427489013,-1.3890321838,0.2264479052,0.3818208567,3.65113103003877E-05
ENSMUSG00000056978.7,Hamp2,7.91,4.71,183.89,119.49,148.18,12.6,11.12,-4.4313614344,-3.2303997699,0.0463476039,0.1065498325,0.000006404
ENSMUSG00000058385.7,Hist1h2bg,1.58,2.01,5.79,6.31,4.12,1.22,1.12,-1.4097901264,-1.6980084317,0.3763664341,0.30821128,0.0455754139
ENSMUSG00000058914.12,C1qtnf3,1.72,1.62,13.46,10.9,9.66,3.15,2.45,-2.5564586025,-1.5583094629,0.169992311,0.339548729,5.76558284764121E-05
ENSMUSG00000058966.13,Fam57b,1.23,2.43,7.91,3.64,4.82,0.35,0.85,-1.3967160038,-2.5676744796,0.3797926777,0.1686758714,0.0129574385
ENSMUSG00000059422.5,Gm8116,4.38,0,6.86,7.62,7.07,0,0,-1.541243261,-5.7274494877,0.3435892345,0.018874085,0.0217909446
ENSMUSG00000059606.3,Rnase2b,17.9,17.3,58.03,70.12,70.96,9.09,11.49,-1.7896411984,-2.2535971938,0.2892439727,0.2097005872,1.15153473254033E-05
ENSMUSG00000059776.7,Rpl13-ps6,2.48,2.9,9.25,12.13,6.34,0,0,-1.6164228957,-6.084552046,0.3261431209,0.014735583,0.0006381799
ENSMUSG00000060560.8,Ces4a,3.64,4.09,27.38,17.38,23.35,0.78,0.99,-2.3979174804,-4.1062091482,0.189738259,0.0580641239,5.54057796558431E-05
ENSMUSG00000060572.17,Mfap2,63.32,63.07,229.99,196.13,167.16,44.09,41.95,-1.522284648,-1.7704388738,0.3481341755,0.2931195556,0.000006094
ENSMUSG00000060935.5,Tmem263,16.93,12.53,37.89,50.41,34.34,8.61,8.14,-1.3464242839,-1.8492289517,0.3932655497,0.27754066,0.0001923866
ENSMUSG00000061313.7,Ddhd2,7.95,7.18,19.07,17.23,15.37,4.81,4.82,-1.0558680319,-1.394762506,0.4810077247,0.3803072887,0.0014604726
ENSMUSG00000061535.11,C1qtnf7,3.55,3.37,11.86,12.48,8.57,3.26,2.68,-1.5120906624,-1.428908308,0.3506027793,0.3714118349,0.003465482
ENSMUSG00000062593.15,Lilrb4a,0.35,0.87,4.8,5,4.54,1.28,1.49,-2.6193074031,-1.2998494874,0.1627458428,0.4061685705,0.0155147085
ENSMUSG00000066364.2,Serpina3b,48.05,54.34,269.12,180.09,224.59,5.96,7.49,-2.0121319104,-4.6172924909,0.2479065147,0.0407433244,4.38722120399213E-06
ENSMUSG00000066704.6,Cyp2b19,11.28,10.67,29.28,22.05,26.33,6.78,6.72,-1.1106017786,-1.5002050922,0.4631008215,0.3535031333,0.0001767173
ENSMUSG00000067597.5,Dgat2l6,0.61,0.63,8.97,6.41,8.69,0.23,0.11,-3.330607532,-4.4772879357,0.0994001933,0.0448954193,1.86153380533068E-05
ENSMUSG00000069248.11,Serpinb6e,1.84,2.41,47.01,30.43,50.99,1.3,1.25,-4.1350963657,-4.5375455769,0.0569130629,0.0430588746,6.68393394343612E-05
ENSMUSG00000069301.5,Hist1h2ag,8.73,8.91,17.35,23.23,19.04,0.84,6.76,-1.0427804365,-1.9332582791,0.4853911008,0.2618371521,0.01049941
ENSMUSG00000069309.2,Hist1h2an,3.01,7.9,20.71,17.29,16.58,8.78,4.49,-1.5967516315,-1.0189316314,0.3306205647,0.4934816583,0.0084106037
ENSMUSG00000069763.3,Tmem100,2.57,2.08,7.23,8.47,7.71,2.68,2.91,-1.5767849879,-1.0294279555,0.3352281049,0.4899043628,0.0277206139
ENSMUSG00000069862.6,Rps12-ps9,4.24,3.76,12.01,10.74,13.99,3.91,1.05,-1.4668744713,-1.8365850462,0.3617651973,0.2799837406,0.002933067
ENSMUSG00000069920.10,B3gnt9,1.92,2.51,9.44,8.32,6.29,1.28,1.3,-1.6811896711,-2.124536313,0.3118253946,0.2293247047,0.0025555026
ENSMUSG00000070419.11,Cyp3a57,1.91,1.83,7.3,6.72,6.89,0.36,0.41,-1.7129313294,-3.4397713152,0.3050396467,0.0921564328,0.0006067392
ENSMUSG00000070436.11,Serpinh1,66.64,64.4,188.5,163.24,159.92,52.8,52.34,-1.2596132215,-1.2709612815,0.4176559159,0.4143835732,2.34785806997556E-06
ENSMUSG00000070609.3,Gm13177,3.86,4.83,52.08,31.74,46.91,0.25,0.24,-3.1707734227,-6.5484948159,0.111045788,0.0106833298,4.16676357771378E-05
ENSMUSG00000071005.7,Ccl19,11.16,13.17,37.42,28.74,25.66,11.55,10.71,-1.2038466719,-1.0274743936,0.4341162488,0.4905681945,0.0008430304
ENSMUSG00000074489.9,Bglap3,20.52,24.06,60.42,44.37,55.08,12.77,11.13,-1.134618162,-1.7235803296,0.4554554462,0.3027963396,0.0002401107
ENSMUSG00000075014.1,Gm10800,130.74,86.76,211.36,770.71,236.68,134.29,134.49,-1.7738075862,-1.157137389,0.2924359159,0.4484013762,0.0480643656
ENSMUSG00000077222.1,Gm22270,0,0,8,12.72,13.18,3.74,4.57,-6.3711518947,-1.0007292377,0.012080702,0.4997473293,0.0005678944
ENSMUSG00000077563.1,Snora68,8.06,18.34,57.33,39.11,15.32,7.66,4.68,-1.368493817,-2.1495096651,0.3872953763,0.2253892066,0.0442595876
ENSMUSG00000078190.6,Dnm3os,0.84,0.68,3.17,4.18,3.39,0.22,0.32,-1.9486111035,-2.8926536414,0.2590655158,0.1346556209,0.0213203532
ENSMUSG00000078240.2,Gm3550,2.25,2.22,6.08,6.89,6.73,0.61,0.42,-1.3865159576,-3.0147287581,0.3824873773,0.1237303425,0.0028782541
ENSMUSG00000078504.2,Gm438,0.76,0.3,5.64,4.22,5.06,0.31,0,-2.8406468657,-3.8837370408,0.1395982861,0.0677452197,0.0005713761
ENSMUSG00000078636.3,Gm7336,0.92,0,11.83,18.05,9.31,0,0,-4.371902497,-6.5778467631,0.0482976734,0.0104681712,0.0008422384
ENSMUSG00000078686.11,Mup9,2.11,0,74.43,74.19,31.21,14.6,7.92,-5.5471687822,-1.9758820055,0.0213863074,0.2542144591,0.0011989317
ENSMUSG00000078706.4,Gm53,0,0.07,5.09,3.84,4.49,1,1.15,-4.7100911656,-1.5440213496,0.0382050944,0.3429282473,0.0014694435
ENSMUSG00000079013.2,Serpina3j,14.03,12.13,171.34,111.45,147.51,4.04,4.34,-3.3255031489,-4.6402001026,0.0997525029,0.0401014968,6.1413500300501E-06
ENSMUSG00000079049.8,Serpinb1c,1.16,0.32,5.95,4.5,4.81,0.2,0.25,-2.4722990265,-3.5689625973,0.1802037543,0.0842626678,0.0011231569
ENSMUSG00000079941.1,Gm11273,7.54,1.83,49.65,36.16,8.41,3.05,3.13,-2.5933458041,-2.8785962003,0.1657009979,0.1359741017,0.0274264901
ENSMUSG00000080875.4,Gm7332,0,2.67,12.59,8.93,8.95,0,0,-2.6970598495,-6.2191390039,0.1542069989,0.0134230934,0.0038703011
ENSMUSG00000081169.1,Gm12551,3.5,2.93,28.48,14.2,21.84,2.2,2.91,-2.5766748873,-2.6007442035,0.1676268446,0.1648534285,0.0007664288
ENSMUSG00000081225.3,Cyp2j12,2.37,2.64,10.49,8.36,9.21,0.53,0.36,-1.7318124297,-3.6896140512,0.3010734865,0.0775024619,3.53507752612142E-05
ENSMUSG00000082345.1,Gm13622,3.91,2.18,5.86,9.39,7.62,1.48,2.31,-1.1723299665,-1.532871087,0.4437041751,0.3455889306,0.0315348479
ENSMUSG00000082932.3,Cyp2j8,0.95,0.76,4.12,2.73,3.19,0.05,0.19,-1.7083672261,-3.5414688554,0.3060061968,0.0858838779,0.020095484
ENSMUSG00000086004.1,Gm7805,1.32,3.37,7.8,8.94,6.95,1.23,1.22,-1.5818717932,-2.1721086681,0.3340482039,0.2218861206,0.0031658749
ENSMUSG00000086399.1,Gm16144,0.33,1.25,2.51,4.27,2.39,0.1,0.38,-1.6817817641,-2.7947918399,0.3116974454,0.1441065844,0.0485538474
ENSMUSG00000087516.7,Tbx3os1,0,0.08,3.89,3.48,6.6,0.6,0.1,-4.7225772993,-2.9791789056,0.0378758664,0.126817091,0.0010857963
ENSMUSG00000087679.2,C330006A16Rik,132.01,135.37,333.37,293.05,276.9,107.03,108.18,-1.05003745,-1.0579011996,0.4829556276,0.4803303254,1.0086716511667E-05
ENSMUSG00000087993.1,Mir1982,0,0,60.52,108.47,41.03,30.41,0,-8.9855208195,-1.7686910017,0.0019728257,0.2934748947,0.0234568953
ENSMUSG00000090527.2,Gm5538,2.41,3.33,10.55,11.67,9.61,0.19,0.31,-1.7238220769,-4.5035855951,0.3027456054,0.0440844724,4.43805238454169E-06
ENSMUSG00000090996.1,Gm20458,1.66,0,2.95,2.89,3.95,0,0,-1.7106531443,-4.6214879781,0.3055217208,0.0406250112,0.0189994738
ENSMUSG00000091175.2,9130204L05Rik,1.12,0.59,5.42,4.72,2.65,0.43,0.53,-2.0452581371,-2.4916230156,0.2422791001,0.177806132,0.0150456554
ENSMUSG00000092405.1,Gm20402,0,0.06,1.97,5.3,2.44,0,0,-4.3048144528,-4.6101234325,0.0505966454,0.0409462905,0.0041084409
ENSMUSG00000094065.1,Gm21541,20.92,20.07,171.73,126.74,159.44,18.85,19.36,-2.7725620329,-2.5686485467,0.14634425,0.1685620247,3.77927332525024E-06
ENSMUSG00000094686.1,Ccl21a,45.09,46.6,372,293.13,275.33,51.06,47.56,-2.6487620813,-2.2388257743,0.1594568432,0.2118586921,1.00336906731905E-06
ENSMUSG00000094708.1,Gm10359,0.92,0,11.83,18.05,9.31,0,0,-4.371902497,-6.5778467631,0.0482976734,0.0104681712,0.0008422384
ENSMUSG00000095280.1,Gm21738,0,2.23,6.5,16.18,9.43,1.54,1.09,-3.0069233045,-2.5097107625,0.1244015784,0.1755908091,0.0100290617
ENSMUSG00000095690.1,Rab11b-ps2,0,0,29.28,8.98,5.17,0,1.77,-6.7244353618,-3.4616887721,0.0094567793,0.0907669712,0.0393910249
ENSMUSG00000095937.1,Gm12671,0.92,0,11.83,18.05,9.31,0,0,-4.371902497,-6.5778467631,0.0482976734,0.0104681712,0.0008422384
ENSMUSG00000096621.1,Gm5849,33.36,40.56,203.95,204.1,205.38,27.83,29.54,-2.3450912415,-2.4057863324,0.1968145465,0.188706192,2.11274890681311E-07
ENSMUSG00000096789.1,Gm10257,0.79,1.6,2.87,5.6,3,0.93,0,-1.4644923478,-2.3772911896,0.3623630237,0.1924704419,0.0488165052
ENSMUSG00000096984.1,Gm26523,0.99,1.41,5.13,5.07,5.09,0.71,0.89,-1.8611540079,-2.1104966726,0.2752560143,0.2315672807,0.015583499
ENSMUSG00000097961.1,Gm27000,0,0.53,4.14,4.8,4.41,0,0.28,-3.4294203349,-3.8143460781,0.0928200101,0.071083273,0.0006076918
ENSMUSG00000098950.7,Gm28036,0.13,0.9,2.73,2.34,2.15,0,0,-1.8677731957,-4.2028846384,0.2739960128,0.0543007284,0.0284650875
ENSMUSG00000100725.6,Gm28062,32.85,37.08,71.46,91.08,76.58,9.25,9.54,-1.0671161274,-2.6465580928,0.4772720883,0.1597006298,9.68806373611926E-06
ENSMUSG00000100862.1,Gm10925,2416.09,2055.16,4613.26,6299.27,3729.62,11.16,88.77,-1.0030690114,-6.1814332352,0.4989374922,0.0137785393,0.0012973476
ENSMUSG00000102724.1,Flg,6.63,10.64,22.42,22.17,12.62,2.37,0.41,-1.0135335838,-3.2603194057,0.4953315483,0.1043628819,0.0025446828
ENSMUSG00000102813.1,Gm37795,2.45,2.98,9.16,7.3,8,1.16,0.83,-1.4260692731,-2.491885578,0.3721434444,0.1777737752,0.0019430531
ENSMUSG00000103861.1,Gm37419,0.71,0.4,3.02,2.05,6.12,0.71,0.35,-2.3847141681,-2.1865923863,0.1914826831,0.2196696729,0.0216610761
ENSMUSG00000104671.1,Gm43062,5.19,5.32,10.71,13.98,10.49,2.19,2.02,-1.0218604095,-2.0009329876,0.49248087,0.2498383778,0.0018931429
ENSMUSG00000106795.1,Gm43050,0,0.98,3.97,5.36,6.1,0.14,1.69,-2.9784303096,-1.950362768,0.1268829119,0.2587511594,0.0117416253
ENSMUSG00000108456.1,RP24-143K11.2,1.16,1.26,4.52,5.57,3.65,0.73,0.57,-1.7003987291,-2.2226654471,0.3077010498,0.2142451652,0.0251853135
ENSMUSG00000108526.1,RP23-292C5.8,4.17,3.06,11.06,7.28,9.07,2.41,2.73,-1.1909179784,-1.3699450067,0.4380240598,0.3869059964,0.0227276423
ENSMUSG00000001508.15,Sgca,1.22,2.13,0.19,0.32,0.51,5.44,5.36,2.0326985601,3.949521351,4.0916948619,15.4498545487,0.0001182051
ENSMUSG00000005442.13,Cic,17.34,16.22,5.21,7.59,10.64,14.66,11.22,1.206728739,1.1388341132,2.3081368096,2.2020299835,0.0059350109
ENSMUSG00000005628.12,Tmod4,18.72,12.13,7.09,5.5,5.64,23.16,22.27,1.4417187272,2.3013573735,2.7164429103,4.9292131699,3.6865192810951E-05
ENSMUSG00000005716.16,Pvalb,35.24,39.72,7.63,7.35,10.08,380.87,377.52,2.2655876008,5.9049301058,4.8085022726,59.9185208948,6.1486099129147E-09
ENSMUSG00000006221.7,Hspb7,1.28,1.45,0.59,0.57,0.84,5.53,4.36,1.0092393352,3.0738634449,2.01284954,8.4202521995,0.0011705049
ENSMUSG00000006457.3,Actn3,9.43,10.63,3.06,2.9,2.48,89.86,96.33,1.9015978374,5.4057060982,3.7362677282,42.391587769,1.78039381914566E-09
ENSMUSG00000007122.11,Casq1,9.43,11.03,3.94,4.17,4.68,106.14,108.84,1.3531464199,5.0363274621,2.5546867818,32.8159993246,1.85874066710349E-09
ENSMUSG00000007411.15,Mark3,13.11,12.71,6.52,6.61,6.76,10.56,9.46,1.0643043236,1.0043210422,2.0911612656,2.0059992161,0.0182560779
ENSMUSG00000012123.15,Aim1l,30.51,32.92,13.43,11.17,16.12,37.62,45.65,1.3339974419,2.0306569957,2.521002313,4.0859087805,4.00392378105048E-05
ENSMUSG00000015944.9,Gatsl2,2.24,1.99,1.13,0.98,1.04,4.36,3.98,1.034720491,2.2714344958,2.0487166874,4.8280295155,0.0237383295
ENSMUSG00000017781.17,Pitpna,29.94,27.99,14,15.28,16.97,26.5,24.66,1.0216466974,1.1483074895,2.0302349552,2.2165370681,6.10888628963677E-05
ENSMUSG00000018893.14,Mb,7.91,6.14,2.46,3.29,1.19,34.61,33.54,1.6632500436,4.2263369815,3.1672923616,18.7177741708,6.92234691340553E-07
ENSMUSG00000019787.8,Trdn,1.36,2,0.57,0.67,0.76,11.81,11.2,1.285546332,4.2752104051,2.437743498,19.3627291155,4.26051295067981E-07
ENSMUSG00000020132.9,Rab21,14.32,15.78,7.13,10.14,6.4,11.8,14.38,1.0373729448,1.1416234306,2.0524868015,2.2062915231,0.0050708445
ENSMUSG00000020475.3,Pgam2,24.59,21.66,9.68,11.35,9.66,264.53,255.17,1.2834453937,5.0732059243,2.4341960946,33.6656618894,4.03933844113534E-10
ENSMUSG00000020722.5,Cacng1,1.19,1.24,0.39,0.59,0.53,7.12,6.77,1.1836400579,3.8826031273,2.271491738,14.7495918453,0.000005091
ENSMUSG00000021281.15,Tnfaip2,5.63,8.56,3.36,3.05,4.24,6.83,7.84,1.0880825639,1.4369338476,2.1259130089,2.7074484096,0.0253361121
ENSMUSG00000021622.3,Ckmt2,5.88,3.53,1.51,2.59,1.55,25.39,26.15,1.3757451255,4.102909512,2.595019043,17.1829937685,8.17377275605531E-07
ENSMUSG00000021798.13,Ldb3,3.36,3.9,1.65,2.04,1.47,27.91,27.13,1.1343292035,4.3188813263,2.1951647249,19.9578073875,2.87415629104095E-08
ENSMUSG00000022215.5,Fitm1,1.09,2.38,0.53,0.66,0.71,15.31,13.65,1.3898289154,4.6654065058,2.6204760354,25.3762415856,1.93664876854635E-06
ENSMUSG00000022931.7,Krtap15,240.87,217.83,64.29,163.42,69.08,7292.42,7219.72,1.3386518803,6.628882471,2.5291487321,98.9674684909,4.52552243955557E-06
ENSMUSG00000024471.12,Myot,2.5,1.72,0.64,1.3,1.05,16.69,15.32,1.0977444384,4.2521669382,2.1401982446,19.0559144742,5.6642816238153E-07
ENSMUSG00000024653.2,Scgb1a1,43.9,35.75,18.66,13.91,16.15,22.51,29.51,1.4047552912,1.0978535427,2.6477286771,2.140360104,0.0002079735
ENSMUSG00000025141.2,Myadml2,1.2,0.62,0.32,0,0.4,3.69,5.04,1.5741538514,3.9874020593,2.9776080305,15.8608926091,0.000374809
ENSMUSG00000025172.2,Ankrd2,0.81,0.68,0.09,0,0.14,2.21,1.88,2.1399615717,3.7464889091,4.4075030618,13.4216385855,0.0241447806
ENSMUSG00000025499.17,Hras,178.4,187.84,104.79,89.62,97.79,196.48,189.04,1.0285636959,1.4073763569,2.0399922847,2.6525434012,8.89582096749821E-06
ENSMUSG00000025557.9,Slc15a1,6.42,6.38,3.04,3.13,3.57,14.56,14.41,1.0658924065,2.5325672876,2.0934644314,5.7860038675,9.4272884879283E-07
ENSMUSG00000026327.8,Serpinb11,18.78,17.64,10.08,10.79,8.56,19.01,18.77,1.0008165641,1.3579650351,2.0011323187,2.5632337256,0.0002330184
ENSMUSG00000026407.17,Cacna1s,1.15,1.45,0.17,0.9,0.43,11.37,10.61,1.2797430989,4.5444913841,2.4279573833,23.3360970175,3.26958581360359E-06
ENSMUSG00000026950.16,Neb,7.51,8.35,2.72,3.4,3.04,86.04,87.03,1.4546084073,5.1876460396,2.740821564,36.4449253333,1.11771201204871E-09
ENSMUSG00000026969.3,Fam166a,3.77,1.77,1.44,0.14,0,2.16,4.88,2.2421003391,2.8710194567,4.7308530194,7.3158193793,0.0265344342
ENSMUSG00000027022.13,Xirp2,0.45,0.46,0.14,0.07,0.17,2.85,2.54,1.2550507674,3.8260613255,2.3867554728,14.1827100476,0.0058170844
ENSMUSG00000027528.12,Fabp9,1.11,0.26,0,0.48,0.15,8.35,7.14,1.3406367186,4.9193505323,2.5326306918,30.2602191821,4.30534559014051E-05
ENSMUSG00000028773.8,Fabp3,8.43,8.1,2.79,2.77,2.79,39.47,37.71,1.6408531867,4.152256031,3.1185020054,17.7808949041,8.88434300090484E-09
ENSMUSG00000028909.17,Ptpru,9.41,6.21,3.91,5.76,2.35,14.58,16.45,1.0558351849,2.3388247161,2.0789213585,5.0589034879,0.0002354109
ENSMUSG00000029151.14,Slc30a3,1.72,0.47,0.34,0.71,0.27,3.19,2.85,1.1984859963,2.8582632685,2.2949870236,7.2514186521,0.0218067389
ENSMUSG00000029158.9,Yipf7,0.71,0.42,0.16,0.12,0,4.92,5.88,1.6987455084,4.9959576551,3.2461856458,31.9104634185,5.23327570400348E-06
ENSMUSG00000030399.1,Ckm,62.51,53,29.93,29.22,24.74,674.37,650.82,1.1607127309,4.9860012202,2.2356784898,31.6909987051,1.41039455368332E-09
ENSMUSG00000030470.14,Csrp3,6.61,6.54,1.18,2.18,1.21,29.23,29.58,2.1306774386,4.5755080011,4.3792306544,23.8432335996,9.47368334537663E-08
ENSMUSG00000030672.12,Mylpf,122.98,116.52,55.43,48.21,51.16,807.81,791.66,1.3297227214,4.3744906804,2.5135436124,20.7421089231,3.60136361439857E-09
ENSMUSG00000030730.12,Atp2a1,33.93,45.79,17.86,15.99,15.42,401.97,398.03,1.3935099172,5.0196280895,2.6271706541,32.4383400362,2.24404839985921E-08
ENSMUSG00000030785.8,Cox6a2,11.91,11.64,5.24,4.06,4.39,89.04,90.81,1.4585621363,4.6841318494,2.7483431315,25.7077572483,1.2639043212603E-09
ENSMUSG00000030996.7,Art1,1.02,1.48,0.6,0.2,0.72,7.1,8.25,1.2132996686,4.0173071811,2.3186734758,16.1930987117,9.30690462410421E-06
ENSMUSG00000031097.14,Tnni2,58.33,57.25,23.39,20.05,20.56,405.76,422.71,1.5502903913,4.6949904647,2.928760845,25.9019797336,0.000000001
ENSMUSG00000031382.14,Asb11,0.98,0.27,0.28,0,0.21,4.28,3.89,1.4375400928,4.2208793261,2.708586365,18.6470993721,0.000305746
ENSMUSG00000031461.4,Myom2,1.07,1.09,0.57,0.38,0.42,6.66,6.28,1.139676373,3.8909009405,2.2033159259,14.8346701179,1.01432166459621E-05
ENSMUSG00000031519.2,Asb5,1.35,1.27,0.29,0.36,0.36,8.99,10.06,1.7163055701,4.766637948,3.2859387078,27.2208072814,1.10208659317112E-07
ENSMUSG00000031543.18,Ank1,0.54,0.53,0.37,0,0.24,5.07,4.83,1.0740003499,4.3120461617,2.10526282,19.8634754228,3.6923900954614E-05
ENSMUSG00000032648.14,Pygm,5.95,8.72,2.55,2.69,2.71,56.3,69.52,1.5388918318,4.9231251824,2.905712231,30.3394953237,2.84435294198855E-07
ENSMUSG00000033196.17,Myh2,0.98,0.6,0.37,0.33,0.26,3.51,2.89,1.1199504411,3.2747083607,2.1733950642,9.6779961188,0.0073777598
ENSMUSG00000035112.17,Wnk4,7.13,10.14,2.49,4.8,4.82,9.74,11.65,1.1881259125,1.7958926359,2.2785656095,3.4723024951,0.0018425119
ENSMUSG00000035831.2,Krt25,2019.01,1779.27,983.35,1018.42,928.76,2222.07,2190.15,1.0762617074,1.6003659869,2.1085653093,3.032202253,0.000002011
ENSMUSG00000036432.8,Siah2,5.98,4.12,2.04,1.95,1.49,4.66,4.7,1.5162743563,1.7084482713,2.8605139029,3.2680912614,0.030187102
ENSMUSG00000037999.13,Arap2,33.18,43.09,15.78,23.09,14.51,25.4,28.26,1.2125262431,1.0119941993,2.3174307734,2.0166968012,0.0019371484
ENSMUSG00000038094.15,Atp13a4,9.13,4.93,2.46,4.41,2.08,14.05,14.69,1.3156338663,2.6380310552,2.4891166913,6.2248154052,0.0002129934
ENSMUSG00000038239.10,Hrc,1.34,1.18,0.39,0.55,0.36,6.37,5.87,1.3979029363,3.8696889706,2.635182604,14.6181513489,2.66165522070577E-05
ENSMUSG00000038670.10,Mybpc2,2.02,1.99,0.56,0.68,0.66,30.1,29.46,1.5851378238,5.7004468466,3.0003645962,52.0002569349,3.82933506068792E-09
ENSMUSG00000039001.12,Rps21,987.13,980.36,444.2,476.04,626.85,993.41,951.49,1.0420998755,1.3312418664,2.0592227187,2.5161917454,0.000633592
ENSMUSG00000040152.8,Thbs1,11.46,8.94,4.72,6.42,5.2,19.5,20.37,1.0053414633,2.2681114998,2.0074185653,4.8169217901,0.000005199
ENSMUSG00000041025.15,Iffo2,30.5,34.11,17.04,16.25,15.13,31.86,32.03,1.1131997764,1.4022785918,2.163249061,2.6431871749,8.84413690531645E-06
ENSMUSG00000041476.12,Smpx,4.93,3.38,2.71,1.23,2.45,43.44,48.61,1.035300573,4.7709541316,2.0495406056,27.3023670869,1.93268211911699E-07
ENSMUSG00000041986.15,Elmod1,13.31,13.43,5.11,6.34,6.24,10.51,10.99,1.2797861563,1.2716427169,2.428029847,2.4143631925,0.0028982132
ENSMUSG00000042451.12,Mybph,2.01,1.67,0.49,0.57,0.5,11.83,11.92,1.6981476693,4.6107077167,3.244840736,24.4321296303,0.000000045
ENSMUSG00000043472.10,Lce3d,1.73,1.41,0,1.19,0.83,11.12,11.58,1.18303845,4.2439120188,2.2705447169,18.9471902805,4.85775762898131E-05
ENSMUSG00000043681.5,Fam25c,5478.3,5401.13,3248.77,2661.49,2868.81,4784.28,4682.7,1.0125196552,1.1177627894,2.0174314528,2.1701019023,6.32100813583151E-05
ENSMUSG00000043866.10,Taf10,55.97,51.71,21.27,20.51,15.61,44.52,50.25,1.6045685739,1.726513359,3.04104797,3.3092708132,0.00000279
ENSMUSG00000043982.2,Krtap19-4,10.63,13.48,4.91,3.88,1.18,394.74,353.25,1.936037585,7.1825100529,3.8265323197,145.2616490542,4.20630934055534E-08
ENSMUSG00000045331.3,2310079G19Rik,2.15,2.05,1.21,0.56,1.33,4.41,3.4,1.0454145099,2.1994435039,2.0639592827,4.593021395,0.0347081365
ENSMUSG00000045475.5,Lce3c,21.17,17.3,8.35,7.52,5.35,93.92,92.08,1.5433669788,4.115597447,2.9147395567,17.3347778975,2.04374850424706E-08
ENSMUSG00000048455.9,Sprr1b,17.5,14.6,1.44,9.51,2.47,204.2,197.25,1.9294346504,5.870241307,3.809059042,58.4949959422,1.17023254004166E-06
ENSMUSG00000048643.4,Krtap19-9a,8.01,9.38,0,6.1,2.39,972.52,961.29,1.6919424921,8.7735524683,3.2309143189,437.6253403013,1.29009522304243E-06
ENSMUSG00000049134.15,Nrap,0.5,0.77,0.36,0.16,0.22,5.66,4.98,1.1045408484,4.2416612103,2.150304317,18.917653029,2.3556492131108E-05
ENSMUSG00000050635.1,Sprr2f,0,0.57,0,0,0,2.92,4.4,1.6955449979,5.1921289841,3.2389922089,36.5583482499,0.0026359759
ENSMUSG00000051747.14,Ttn,14.09,16.42,4.09,4.88,7.85,98.39,87.95,1.539364893,4.4459643398,2.9066651732,21.79558981,3.5230735827441E-07
ENSMUSG00000051802.2,Krtap19-5,43.91,44.77,3.39,17.4,4.05,1481.2,1511.88,2.5269768167,7.9052044418,5.7636263764,239.7196631932,5.43989560674231E-06
ENSMUSG00000052374.14,Actn2,2.82,2.92,1.23,1.66,1.48,15.33,15.72,1.0287473929,3.717598624,2.0402520515,13.1555405528,9.63009391366422E-08
ENSMUSG00000053797.10,Krt16,13.04,12.84,4.59,10.08,4,60.21,59.88,1.1571721666,3.6661783251,2.2301985663,12.6949105556,3.31513304955279E-06
ENSMUSG00000054889.9,Dsp,203.6,185.16,87.64,100.28,92,159.55,163.39,1.1748145467,1.2142450092,2.2576385796,2.320193308,2.83156021110643E-06
ENSMUSG00000055095.2,Spink6,1.1,3.17,0.22,1.37,0.3,3.4,3.22,1.6767781302,2.5764546544,3.1971316017,5.9647209876,0.0269164725
ENSMUSG00000055193.4,Klk15,0.6,0.38,0.27,0,0.31,2.37,3.28,1.0153592536,3.5676802898,2.021406192,11.8571081783,0.0065787968
ENSMUSG00000055204.14,Ankrd17,29.02,31.97,14.74,16.34,18.24,25.83,27.79,1.0038062701,1.1238252485,2.0052835775,2.1792402404,0.0001685305
ENSMUSG00000056596.8,Trnp1,5.08,9.17,3.38,3.28,4.3,10.68,9.6,1.0542210319,1.858731679,2.0765966671,3.6268867029,0.0016116899
ENSMUSG00000056952.13,Tatdn2,6.29,8.78,3.21,1.96,3.66,6.62,7.43,1.432663868,1.6347860488,2.6994469556,3.1054149339,0.0084089943
ENSMUSG00000057003.12,Myh4,10.02,9.06,1.7,1.94,1.99,95.79,93.65,2.3809085302,5.9814738573,5.2086465089,63.1834082991,4.72648221680854E-10
ENSMUSG00000057174.4,Krtap19-9b,62.29,57.26,25.85,42.25,21.43,5620.9,5460.1,1.1235048705,7.9619726855,2.1787563522,249.3403719456,8.27347281554027E-08
ENSMUSG00000057650.2,Krtap19-2,11.25,9.6,1.83,4.23,2.05,987.76,992.56,2.0115197464,8.8708775111,4.0320673755,468.166375472,4.35387688711284E-09
ENSMUSG00000059632.3,Krtap8-1,931.36,876.51,354.74,501.25,368.27,9838.9,9759.21,1.2674625088,5.0123252396,2.4073777015,32.2745536769,6.63341411402982E-08
ENSMUSG00000060469.3,Krtap19-3,62.29,60.63,23.27,34.73,13.17,4349.49,4336.63,1.4975709938,7.9436298412,2.8236690252,246.1902541446,3.79507518149331E-07
ENSMUSG00000060691.3,Krtap19-1,10.07,10.47,0.68,2.79,1.37,440.32,419.95,2.6885254955,8.3657581993,6.4465420263,329.871013244,5.40046525810912E-09
ENSMUSG00000061723.17,Tnnt3,66.83,69,28.2,29.56,27.29,686.39,660.84,1.3756028868,4.9887460073,2.5947632065,31.7513495358,6.54049708552692E-10
ENSMUSG00000061816.15,Myl1,130.35,115.63,57.69,66.28,56.44,1118.73,1143.87,1.1482811466,4.6558290962,2.2164965956,25.208337959,2.69668578864996E-09
ENSMUSG00000062077.14,Trim54,0.67,0.31,0.13,0.1,0.15,4.86,4.92,1.3392599963,4.6615880918,2.5302150281,25.3091665109,2.23973171794488E-05
ENSMUSG00000062382.7,Gm10116,10.94,9.73,8.89,2.79,4.05,35.39,36.13,1.077642598,3.1614116753,2.1105845108,8.9470474979,4.09163394928644E-05
ENSMUSG00000064382.1,Gm26447,15.62,17.53,0,0,1.08,7.11,24.12,5.1857537741,5.4044466749,36.3971548303,42.3545975166,0.0022069529
ENSMUSG00000064427.1,Gm22748,28.85,13.72,0,0,1.76,17.12,29.26,5.0027549933,5.4309182886,32.06116609,43.138924043,0.0008233434
ENSMUSG00000064451.1,Snora23,3.16,6.26,0,0,0,1.51,5.5,5.2480350834,5.1314384199,38.0028334539,35.0523294816,0.0165161596
ENSMUSG00000064702.1,Gm24950,17.53,16.06,7.05,8.97,5.6,14.59,15.79,1.3226695516,1.4830766692,2.5012851767,2.7954424981,0.0001299386
ENSMUSG00000064841.1,Gm26205,34.27,34.87,4.44,0,2.28,40.35,28.22,3.9854561707,4.2790100373,15.8395140616,19.4137920319,0.0001566614
ENSMUSG00000065006.1,Gm26325,18.93,8.1,0,0,0,7.89,0,6.7436882991,5.2974834788,107.1648744379,39.32796083,0.0393126708
ENSMUSG00000065191.1,Gm23458,7.88,3.08,0,0,0,1.88,0,5.4610962106,3.3409170385,44.0507968157,10.1324913487,0.0237735851
ENSMUSG00000065208.1,Gm24616,47.38,33.55,0,0,5.05,35.34,19.59,4.5959945292,4.3446732882,24.1842271451,20.3178140406,0.0011245499
ENSMUSG00000065251.1,Gm23971,17.53,16.06,7.05,8.97,5.6,14.59,15.79,1.3226695516,1.4830766692,2.5012851767,2.7954424981,0.0001299386
ENSMUSG00000065767.1,Gm23849,17.53,16.06,7.05,8.97,5.6,14.59,15.79,1.3226695516,1.4830766692,2.5012851767,2.7954424981,0.0001299386
ENSMUSG00000065944.1,Rnu2-10,17.53,16.06,7.05,8.97,5.6,14.59,15.79,1.3226695516,1.4830766692,2.5012851767,2.7954424981,0.0001299386
ENSMUSG00000066158.7,AY512931,0.85,1.32,0.04,0,0,2.05,0.86,3.1186595379,3.7870144281,8.6858048427,13.8039995634,0.0400016679
ENSMUSG00000068614.7,Actc1,0.81,0.78,0.25,0.39,0.29,7.04,7.26,1.1596295755,4.4413610187,2.2340006035,21.7261557321,4.62657038116996E-07
ENSMUSG00000068893.5,Sprr2a2,68.46,66.02,24.77,42.11,24.46,47.31,48.08,1.2584787996,1.0697626406,2.3924334593,2.0990879864,0.0010198478
ENSMUSG00000070056.5,Mfhas1,9.71,11.08,5.56,5.27,4.95,11.71,10.76,1.0814511587,1.4955880928,2.1161635892,2.819790721,0.0032062925
ENSMUSG00000070385.12,Ampd1,3.57,1.75,1.09,0.33,0.64,13.82,13.62,1.8751400417,4.4917530176,3.6683722427,22.4984392449,0.000006433
ENSMUSG00000070495.11,Ctcfl,4.33,5.51,0.62,1.1,2.33,3.51,3.47,1.880460838,1.6965596838,3.6819265272,3.2412710799,0.0275802438
ENSMUSG00000071083.1,Gm10311,5.81,4.26,0,2.26,1.87,8.2,4.66,1.8873192218,2.5335220746,3.6994715953,5.7898343582,0.0143030928
ENSMUSG00000072576.5,Gm16020,2.45,1.21,0,0,0.86,4.76,4.32,2.3223182871,3.8749625728,5.001352486,14.6716840655,0.0022280438
ENSMUSG00000074001.2,Klhl40,0.64,0.48,0.25,0.22,0.23,4.37,4.05,1.0059865541,3.9621250325,2.008316369,15.585418963,0.000308018
ENSMUSG00000074445.4,Sprr2a3,2.18,5.82,1.88,1.8,0.34,5.13,4.62,1.5999279646,2.1767043982,3.031281774,4.5211958008,0.0178697363
ENSMUSG00000074928.4,Krtap14,103.43,108.32,38.87,82.21,38.79,5347.27,5276.55,1.1162339933,7.0681256588,2.1678035051,134.1892842485,8.4459966393172E-07
ENSMUSG00000076037.1,Gm22752,90.03,41.38,45.49,0,15.9,171.12,133.36,1.7901638319,3.3128084285,3.4585416535,9.9369866616,0.0086440759
ENSMUSG00000077449.1,Gm23127,8.25,9.38,0,0,1.95,11.76,4.79,3.6225342269,3.834944225,12.3166177339,14.2703046056,0.0061044185
ENSMUSG00000077505.1,Gm24233,10.03,0,0,0,1.12,9.54,5.85,3.4479332597,4.3551924718,10.9126778379,20.4664995802,0.0475734579
ENSMUSG00000077702.1,Gm24067,32.3,25.96,0,0,0,17.42,0,7.8444399995,6.4199811016,229.8326576634,85.6262418493,0.0250035286
ENSMUSG00000077990.1,Gm23134,28.12,32.43,17.39,0,0,33.08,22.1,2.4758202588,2.6475294652,5.5628347863,6.2659335289,0.0410975718
ENSMUSG00000078087.5,Rps12l1,1735.92,1493.03,990.53,987.7,639.5,1323.15,1343.76,1.0118349415,1.0442366893,2.0164741921,2.0622749478,0.0011381419
ENSMUSG00000079173.11,Zan,6.53,11.24,4.69,4.1,4.23,27.29,27.49,1.1276007146,3.0430414459,2.1849506799,8.2422684102,0.000010345
ENSMUSG00000079428.8,Tceal7,1.08,1.35,0.21,0,0.39,5.56,5.3,2.1073126718,4.457118491,4.3088792565,21.9647548287,3.13821045323403E-05
ENSMUSG00000080542.1,Gm22710,63.78,195.75,18.17,0,3.76,145.86,113.66,4.255539829,4.5505150172,19.1005176011,23.4337350803,0.0030401838
ENSMUSG00000081094.3,Rpl19-ps11,65.84,94.84,21.42,38.64,41.25,46.55,54.74,1.3663341611,1.0052049255,2.5781463494,2.0072285906,0.0074009272
ENSMUSG00000081946.1,Gm11472,39.11,35.29,21.07,14.56,18.85,29.57,28.09,1.1468618727,1.0858851968,2.2143171545,2.122677498,0.0002077664
ENSMUSG00000083911.1,Gm4342,0.16,0.73,0,0,0.05,2.41,0.91,2.0043481817,3.9339651217,4.0120739054,15.2841574707,0.0302941229
ENSMUSG00000084230.1,Gm14388,35.76,33.79,11.23,15.05,23.02,30.59,31.66,1.1926551924,1.3386289456,2.2857303104,2.5291085262,0.0027560956
ENSMUSG00000085023.1,Gm12744,366.12,349.12,96.21,113.1,105.47,315.08,302.21,1.8849435376,1.9790191985,3.693384693,3.9422498083,5.60594162629257E-07
ENSMUSG00000085348.1,Gm12300,0.77,2,0.18,0.35,1.5,7.09,6.44,1.0106308634,3.5002225948,2.0147919382,11.3154542366,0.0007149698
ENSMUSG00000085412.7,Halr1,2.4,3.04,0,0,0.53,1.49,2.07,3.2953461524,3.0051927345,9.8174350771,8.0288465172,0.0153475012
ENSMUSG00000085543.1,Gm13568,61.73,81.44,27.08,30.7,32.72,89.76,105.06,1.3625447464,2.1099579521,2.5713834188,4.3167871299,3.54606724638568E-05
ENSMUSG00000085645.1,Hoxb5os,1.88,3.31,0.86,0.67,0.72,4.44,3.94,1.7344060147,2.69799841,3.3274246921,6.4890100928,0.0089427819
ENSMUSG00000086298.1,Gm11716,1.6,0.62,0.32,0,0.8,7.73,2.81,1.3928210054,3.8178175086,2.6259164342,14.1018986164,0.0050710244
ENSMUSG00000086717.1,Gm15655,11.66,28.61,0,0,0,3.6,1.3,7.3148303251,4.6324360905,159.2147653283,24.8028859483,0.0073928391
ENSMUSG00000087593.1,Gm16174,0,1.33,0,0,0.25,1.77,2.18,1.9570989581,3.6546039482,3.8828042014,12.5934699633,0.0288363086
ENSMUSG00000088252.1,Snord13,340.74,676.22,124.4,114.57,146.02,292.64,251.21,2.1111546487,1.5025375752,4.3203693337,2.83340646,0.0011479006
ENSMUSG00000089718.1,2310075C17Rik,1.66,0.38,0,0,0,4.32,2.65,3.1720401123,5.1234260754,9.0132044254,34.8581977465,0.0044599639
ENSMUSG00000089995.1,Gm15716,13.46,11.21,0,1.85,1.54,4.4,1.44,3.4152093992,1.6781501554,10.6679376961,3.2001735693,0.0016830857
ENSMUSG00000090860.1,Gm17134,13.32,21.71,0,3.37,0.07,25.74,26.99,3.8981282206,4.7895807159,14.9091718737,27.6571523578,0.0004863742
ENSMUSG00000092395.1,Gm20463,21.33,17.27,4.43,8.68,7.94,11.47,22.39,1.5594871221,1.6762003909,2.9474904159,3.1958515399,0.0048937118
ENSMUSG00000092802.1,Gm26460,91.17,36.87,28.83,14.89,27.81,49.48,33.16,1.5345268286,1.2131004053,2.8969340243,2.3183532454,0.0308437726
ENSMUSG00000092916.1,Gm24082,66.87,38.33,19.64,0,0,14.27,35.61,3.0976121562,2.3305968427,8.5600080669,5.0301340333,0.0325115119
ENSMUSG00000093529.1,Gm25397,21.11,14.99,20.59,0,0,45.37,43.86,1.4950780818,3.1004227967,2.8187940654,8.5767008227,0.0219357827
ENSMUSG00000093798.1,Gm8355,25.95,21.3,2.05,0,0,52.29,43.65,4.9720688114,6.2958501645,31.3864251132,78.5669235404,1.46312904659192E-05
ENSMUSG00000093815.1,Gm26444,2.37,2.14,0,0,0.27,0.37,0.55,3.5025690194,1.7277057489,11.3338728642,3.3120070618,0.028909823
ENSMUSG00000094826.1,Gm23804,2.37,2.14,0,0,0.27,0.37,0.55,3.5025690194,1.7277057489,11.3338728642,3.3120070618,0.028909823
ENSMUSG00000094945.3,Rhox4a2,4.51,4.46,0.23,0,0.26,0.76,0.33,4.0536656671,1.5285503559,16.6063794884,2.88495808,0.000508428
ENSMUSG00000095969.1,Rnu1a1,2.37,2.14,0,0,0.27,0.37,0.55,3.5025690194,1.7277057489,11.3338728642,3.3120070618,0.028909823
ENSMUSG00000096205.1,Gm22068,2.37,2.14,0,0,0.27,0.37,0.55,3.5025690194,1.7277057489,11.3338728642,3.3120070618,0.028909823
ENSMUSG00000096206.1,Gm22317,2.37,2.14,0,0,0.27,0.37,0.55,3.5025690194,1.7277057489,11.3338728642,3.3120070618,0.028909823
ENSMUSG00000096214.1,Gm22634,2.37,2.14,0,0,0.27,0.37,0.55,3.5025690194,1.7277057489,11.3338728642,3.3120070618,0.028909823
ENSMUSG00000096243.1,Gm24265,8.76,14.17,3.26,0,3.27,6.16,5.01,2.4427409623,1.7219228712,5.4367367072,3.2987578329,0.0164593935
ENSMUSG00000096534.2,Krtap16-3,136.25,135.9,36,72.77,24.66,2992.83,2961.5,1.7415764417,6.497405213,3.3440036954,90.3470263879,4.50275910375435E-06
ENSMUSG00000096659.1,Gm25679,2.37,2.14,0,0,0.27,0.37,0.55,3.5025690194,1.7277057489,11.3338728642,3.3120070618,0.028909823
ENSMUSG00000096674.1,Mup15,0.66,0,0,0,0,4.19,7.24,1.8449909685,5.8207762121,3.5925070017,56.5233948198,0.002123575
ENSMUSG00000096826.1,Ccl27b,16.86,21.93,0,0,8.51,26.7,34.64,2.8326346256,3.795441828,7.1237388308,13.8848706103,0.0053461279
ENSMUSG00000097055.1,Gm4419,11.02,17.44,7.48,7.41,7.52,43.11,49.24,1.0348624449,3.0296123339,2.0489182807,8.165902454,5.26171949571895E-06
ENSMUSG00000097224.1,Gm26716,2.61,4.62,0,0,0,8.22,8.23,4.8777573338,6.3382315488,29.40026663,80.9091829699,0.0002894046
ENSMUSG00000097367.1,Gm26718,5.41,4.06,0,0,1.11,4.63,5.33,3.3766937402,3.747185985,10.3869036235,13.428125169,0.0018307069
ENSMUSG00000098498.1,Mir8099-2,0,0.87,0,0,0,6.5,6.14,2.1432036847,5.9635054607,4.4174190112,62.4013554043,0.0010755448
ENSMUSG00000098931.1,Mir8099-1,0,0.87,0,0,0,6.5,6.14,2.1432036847,5.9635054607,4.4174190112,62.4013554043,0.0010755448
ENSMUSG00000099021.1,Rn7s1,514.86,633.94,138.42,103.14,122.29,351.39,368.03,2.3638019867,1.9902005094,5.1472504684,3.9729221102,1.04375789010869E-05
ENSMUSG00000099250.1,Rn7s2,514.86,633.94,138.42,103.14,122.29,351.39,368.03,2.3638019867,1.9902005094,5.1472504684,3.9729221102,1.04375789010869E-05
ENSMUSG00000099969.1,Gm28960,110.11,78.6,45.06,34.36,28.99,93.76,189.9,1.4982227334,2.3927239498,2.82494491,5.2514795696,0.000924642
ENSMUSG00000100039.1,Gm28959,0,1.8,0,0,0,3.64,2.43,3.0126607064,4.9300869985,8.0705148206,30.4862542879,0.0250267913
ENSMUSG00000100190.1,Krtap28-10,114.29,111.82,37.07,47.67,54.96,145.77,147.37,1.3929291627,2.0729873625,2.6261133038,4.2075702598,1.88571402867499E-05
ENSMUSG00000102308.1,2310046K23Rik,50.82,59.42,22.7,16.9,27.47,122.18,126.38,1.4146102334,2.8906767798,2.6658770286,7.4161826698,0.000004883
ENSMUSG00000103273.1,Gm37913,3.56,5.07,2.21,1.49,2.68,16.68,18.98,1.0904065207,3.4100628773,2.1293402831,10.6299497899,5.44028639766369E-06
ENSMUSG00000103933.1,Gm36964,4.37,2.73,0,0,0.89,0,2.11,3.1985430397,1.8379102428,9.1803110717,3.5749182292,0.0446289183
ENSMUSG00000104494.1,Gm37111,1.57,2.32,0.2,0.68,0.52,2.36,3.38,1.8950810638,2.7221961846,3.7194287562,6.5987656598,0.0313895824
ENSMUSG00000104599.1,AC154540.1,42.63,142.5,0,0,5.09,4.27,18.5,5.7808355007,3.0709296014,54.9800190156,8.4031462971,0.0049566848
ENSMUSG00000104750.1,AC034285.1,0,5.43,0,0,0,13.81,25.53,4.4809596067,7.5856843182,22.3307469899,192.0960865834,0.0080891616
ENSMUSG00000105353.1,Gm42428,69.08,101.52,30.46,33.01,45.46,81.72,76.26,1.3484188572,1.5406652961,2.5463290381,2.9092863373,0.0013194377
ENSMUSG00000105617.4,Gm43809,0.79,1.92,0.68,0,0,2.65,2.43,2.1409513308,3.2817187526,4.4105278611,9.7251382055,0.0222739132
ENSMUSG00000106106.2,Rn18s-rs5,3731.76,3654.64,600.82,690.35,952.07,3860.85,3898.37,2.4122682752,2.7891582333,5.3231059263,6.9122635875,2.7459811052165E-05
ENSMUSG00000107191.1,Gm43579,0.96,2.65,0.44,0,0,4.35,5.37,2.8805387712,4.547868383,7.3642508545,23.3907851365,0.0007838921
ENSMUSG00000107379.1,Gm43126,12.19,21.75,0,0,0,11.5,16.09,7.069708937,7.0770517211,134.336630424,135.0220970885,0.0015367154
ENSMUSG00000108483.1,RP23-4H17.3,13.13,43.49,7.58,1.11,3.89,192.85,222.46,2.8379505812,6.008447104,7.1500363736,64.3758246925,2.91527650131253E-05
